[{"model": "contenttypes.contenttype", "pk": 1, "fields": {"app_label": "admin", "model": "logentry"}}, {"model": "contenttypes.contenttype", "pk": 2, "fields": {"app_label": "auth", "model": "permission"}}, {"model": "contenttypes.contenttype", "pk": 3, "fields": {"app_label": "auth", "model": "group"}}, {"model": "contenttypes.contenttype", "pk": 4, "fields": {"app_label": "auth", "model": "user"}}, {"model": "contenttypes.contenttype", "pk": 5, "fields": {"app_label": "contenttypes", "model": "contenttype"}}, {"model": "contenttypes.contenttype", "pk": 6, "fields": {"app_label": "sessions", "model": "session"}}, {"model": "contenttypes.contenttype", "pk": 7, "fields": {"app_label": "app", "model": "attendance"}}, {"model": "contenttypes.contenttype", "pk": 8, "fields": {"app_label": "app", "model": "facility"}}, {"model": "contenttypes.contenttype", "pk": 9, "fields": {"app_label": "app", "model": "maintain"}}, {"model": "contenttypes.contenttype", "pk": 10, "fields": {"app_label": "app", "model": "orders"}}, {"model": "contenttypes.contenttype", "pk": 11, "fields": {"app_label": "app", "model": "producediary"}}, {"model": "contenttypes.contenttype", "pk": 12, "fields": {"app_label": "app", "model": "purchaselist"}}, {"model": "contenttypes.contenttype", "pk": 13, "fields": {"app_label": "app", "model": "repair"}}, {"model": "contenttypes.contenttype", "pk": 14, "fields": {"app_label": "app", "model": "salary"}}, {"model": "contenttypes.contenttype", "pk": 15, "fields": {"app_label": "app", "model": "staff"}}, {"model": "contenttypes.contenttype", "pk": 16, "fields": {"app_label": "app", "model": "warehouse"}}, {"model": "contenttypes.contenttype", "pk": 17, "fields": {"app_label": "user", "model": "profile"}}, {"model": "contenttypes.contenttype", "pk": 18, "fields": {"app_label": "orders", "model": "orders"}}, {"model": "contenttypes.contenttype", "pk": 19, "fields": {"app_label": "warehouse", "model": "warehouse"}}, {"model": "contenttypes.contenttype", "pk": 20, "fields": {"app_label": "warehouse", "model": "purchaselist"}}, {"model": "contenttypes.contenttype", "pk": 21, "fields": {"app_label": "warehouse", "model": "producediary"}}, {"model": "contenttypes.contenttype", "pk": 22, "fields": {"app_label": "facility", "model": "facility"}}, {"model": "contenttypes.contenttype", "pk": 23, "fields": {"app_label": "facility", "model": "maintain"}}, {"model": "contenttypes.contenttype", "pk": 24, "fields": {"app_label": "facility", "model": "repair"}}, {"model": "contenttypes.contenttype", "pk": 25, "fields": {"app_label": "facility", "model": "baoxiu"}}, {"model": "contenttypes.contenttype", "pk": 26, "fields": {"app_label": "user", "model": "salary"}}, {"model": "contenttypes.contenttype", "pk": 27, "fields": {"app_label": "user", "model": "attendance"}}, {"model": "contenttypes.contenttype", "pk": 28, "fields": {"app_label": "warehouse", "model": "purchaselistapply"}}, {"model": "contenttypes.contenttype", "pk": 29, "fields": {"app_label": "warehouse", "model": "purchaselistsanction"}}, {"model": "contenttypes.contenttype", "pk": 30, "fields": {"app_label": "notice", "model": "notice"}}, {"model": "contenttypes.contenttype", "pk": 31, "fields": {"app_label": "user", "model": "position"}}, {"model": "contenttypes.contenttype", "pk": 32, "fields": {"app_label": "warehouse", "model": "product"}}, {"model": "contenttypes.contenttype", "pk": 33, "fields": {"app_label": "warehouse", "model": "goods"}}, {"model": "contenttypes.contenttype", "pk": 34, "fields": {"app_label": "warehouse", "model": "warehousesource"}}, {"model": "sessions.session", "pk": "030f6rfd0s9clv26gbo9ppv5cv66sgal", "fields": {"session_data": "NTFiOTUzNmVjOTZlZTZmNmYxMmE4ZjhjNjE3MGFhZjNlMjc0NjEyNTp7Il9hdXRoX3VzZXJfaWQiOiIzIiwiX2F1dGhfdXNlcl9iYWNrZW5kIjoiZGphbmdvLmNvbnRyaWIuYXV0aC5iYWNrZW5kcy5Nb2RlbEJhY2tlbmQiLCJfYXV0aF91c2VyX2hhc2giOiI4ZGJlZDE4YzY3NWM3Nzg3MjJiOWU0YzdjMWFhODBlMjdlYjRkN2Y4In0=", "expire_date": "2019-06-15T13:36:57.421Z"}}, {"model": "sessions.session", "pk": "1d01lm6qetknl2udyq4gdfx7uw1srfq5", "fields": {"session_data": "ZWFlMDNiMDU0YTE3NzYxMmU2NGI0M2ExOGViYTQzNTk5NjA3NDkwODp7fQ==", "expire_date": "2019-06-10T08:03:04.680Z"}}, {"model": "sessions.session", "pk": "2azcq126970ahxi3l2lc67pfan0zg5sg", "fields": {"session_data": "ZWFlMDNiMDU0YTE3NzYxMmU2NGI0M2ExOGViYTQzNTk5NjA3NDkwODp7fQ==", "expire_date": "2019-06-10T08:46:00.791Z"}}, {"model": "sessions.session", "pk": "4m6kugtcye5ryw7zh9zp7p1rrtadmy1y", "fields": {"session_data": "M2Y0MTM5NmZjNTJmZGVjMmJlMGE4NTFkNTgxY2I4ZmM4NTNjZjliMTp7Il9hdXRoX3VzZXJfaWQiOiIzIiwiX2F1dGhfdXNlcl9iYWNrZW5kIjoiZGphbmdvLmNvbnRyaWIuYXV0aC5iYWNrZW5kcy5Nb2RlbEJhY2tlbmQiLCJfYXV0aF91c2VyX2hhc2giOiI2YTdlNzNmYzIwNGZhZmY4NzdhYWYwY2E0YzU1OTY4YTM1YmI3NDBhIn0=", "expire_date": "2019-06-11T15:07:29.931Z"}}, {"model": "sessions.session", "pk": "4yeqg06x25m9f5ff6gnrzmhpg72pbmyw", "fields": {"session_data": "NmQ4M2QzMWVmMGNhNzRjMDA0Y2NhOGUwZjM2N2QxNWUzODE5MjhkYjp7Il9hdXRoX3VzZXJfaWQiOiIxIiwiX2F1dGhfdXNlcl9iYWNrZW5kIjoiZGphbmdvLmNvbnRyaWIuYXV0aC5iYWNrZW5kcy5Nb2RlbEJhY2tlbmQiLCJfYXV0aF91c2VyX2hhc2giOiIwMDAzNTcyMzJjOGM0ZTQ0NDg1ZTIzYmRhMThlZjEyYzBlZDIzODBmIn0=", "expire_date": "2019-06-05T12:56:26.166Z"}}, {"model": "sessions.session", "pk": "61bendyhcg3at81tvga9oidicc31gcrm", "fields": {"session_data": "ZWFlMDNiMDU0YTE3NzYxMmU2NGI0M2ExOGViYTQzNTk5NjA3NDkwODp7fQ==", "expire_date": "2019-06-10T08:04:57.651Z"}}, {"model": "sessions.session", "pk": "7pit4yw7nav6z0ffyljal6gf14bobeh0", "fields": {"session_data": "M2Y0MTM5NmZjNTJmZGVjMmJlMGE4NTFkNTgxY2I4ZmM4NTNjZjliMTp7Il9hdXRoX3VzZXJfaWQiOiIzIiwiX2F1dGhfdXNlcl9iYWNrZW5kIjoiZGphbmdvLmNvbnRyaWIuYXV0aC5iYWNrZW5kcy5Nb2RlbEJhY2tlbmQiLCJfYXV0aF91c2VyX2hhc2giOiI2YTdlNzNmYzIwNGZhZmY4NzdhYWYwY2E0YzU1OTY4YTM1YmI3NDBhIn0=", "expire_date": "2019-06-10T08:52:24.209Z"}}, {"model": "sessions.session", "pk": "7wefz80dtms2dmmlk5o14j915zl21smn", "fields": {"session_data": "M2Y0MTM5NmZjNTJmZGVjMmJlMGE4NTFkNTgxY2I4ZmM4NTNjZjliMTp7Il9hdXRoX3VzZXJfaWQiOiIzIiwiX2F1dGhfdXNlcl9iYWNrZW5kIjoiZGphbmdvLmNvbnRyaWIuYXV0aC5iYWNrZW5kcy5Nb2RlbEJhY2tlbmQiLCJfYXV0aF91c2VyX2hhc2giOiI2YTdlNzNmYzIwNGZhZmY4NzdhYWYwY2E0YzU1OTY4YTM1YmI3NDBhIn0=", "expire_date": "2019-06-11T14:29:53.835Z"}}, {"model": "sessions.session", "pk": "963wfkh11hzwnn5mctxfcl3vhokg9hnh", "fields": {"session_data": "ZWFlMDNiMDU0YTE3NzYxMmU2NGI0M2ExOGViYTQzNTk5NjA3NDkwODp7fQ==", "expire_date": "2019-06-10T08:07:40.439Z"}}, {"model": "sessions.session", "pk": "974t9nalbk146xqz325t8839izytjg6a", "fields": {"session_data": "ZWFlMDNiMDU0YTE3NzYxMmU2NGI0M2ExOGViYTQzNTk5NjA3NDkwODp7fQ==", "expire_date": "2019-06-10T08:26:42.105Z"}}, {"model": "sessions.session", "pk": "9hxhoyzp1rp3384jlgssr19fj98kixie", "fields": {"session_data": "M2Y0MTM5NmZjNTJmZGVjMmJlMGE4NTFkNTgxY2I4ZmM4NTNjZjliMTp7Il9hdXRoX3VzZXJfaWQiOiIzIiwiX2F1dGhfdXNlcl9iYWNrZW5kIjoiZGphbmdvLmNvbnRyaWIuYXV0aC5iYWNrZW5kcy5Nb2RlbEJhY2tlbmQiLCJfYXV0aF91c2VyX2hhc2giOiI2YTdlNzNmYzIwNGZhZmY4NzdhYWYwY2E0YzU1OTY4YTM1YmI3NDBhIn0=", "expire_date": "2019-06-10T15:44:19.248Z"}}, {"model": "sessions.session", "pk": "9xy0o4opajbgotjozm7k3jgoe14bp84l", "fields": {"session_data": "NmQ4M2QzMWVmMGNhNzRjMDA0Y2NhOGUwZjM2N2QxNWUzODE5MjhkYjp7Il9hdXRoX3VzZXJfaWQiOiIxIiwiX2F1dGhfdXNlcl9iYWNrZW5kIjoiZGphbmdvLmNvbnRyaWIuYXV0aC5iYWNrZW5kcy5Nb2RlbEJhY2tlbmQiLCJfYXV0aF91c2VyX2hhc2giOiIwMDAzNTcyMzJjOGM0ZTQ0NDg1ZTIzYmRhMThlZjEyYzBlZDIzODBmIn0=", "expire_date": "2019-06-05T12:44:59.583Z"}}, {"model": "sessions.session", "pk": "a55g3lh6hh6mkilme7yu2uu20svwgnkr", "fields": {"session_data": "NmQ4M2QzMWVmMGNhNzRjMDA0Y2NhOGUwZjM2N2QxNWUzODE5MjhkYjp7Il9hdXRoX3VzZXJfaWQiOiIxIiwiX2F1dGhfdXNlcl9iYWNrZW5kIjoiZGphbmdvLmNvbnRyaWIuYXV0aC5iYWNrZW5kcy5Nb2RlbEJhY2tlbmQiLCJfYXV0aF91c2VyX2hhc2giOiIwMDAzNTcyMzJjOGM0ZTQ0NDg1ZTIzYmRhMThlZjEyYzBlZDIzODBmIn0=", "expire_date": "2019-06-06T07:54:44.622Z"}}, {"model": "sessions.session", "pk": "a973fdc4b9qx09iqjnko2zq1i2b80235", "fields": {"session_data": "NmQ4M2QzMWVmMGNhNzRjMDA0Y2NhOGUwZjM2N2QxNWUzODE5MjhkYjp7Il9hdXRoX3VzZXJfaWQiOiIxIiwiX2F1dGhfdXNlcl9iYWNrZW5kIjoiZGphbmdvLmNvbnRyaWIuYXV0aC5iYWNrZW5kcy5Nb2RlbEJhY2tlbmQiLCJfYXV0aF91c2VyX2hhc2giOiIwMDAzNTcyMzJjOGM0ZTQ0NDg1ZTIzYmRhMThlZjEyYzBlZDIzODBmIn0=", "expire_date": "2019-06-06T07:04:09.767Z"}}, {"model": "sessions.session", "pk": "azq8p0rmxa5flvfwkpqqzv0ezu3z8uda", "fields": {"session_data": "NmZkNjc0NmI4NTBlNzVmZTA4ZGVhM2E4Nzc2NDc2Y2NkYzgzZTRiMjp7Il9hdXRoX3VzZXJfaWQiOiIzIiwiX2F1dGhfdXNlcl9iYWNrZW5kIjoiZGphbmdvLmNvbnRyaWIuYXV0aC5iYWNrZW5kcy5Nb2RlbEJhY2tlbmQiLCJfYXV0aF91c2VyX2hhc2giOiJjYmVkOGE2MjY4YzM1YTRlYTEyMWIyOGUzMGU2MzdhZDQ2YjcyNmJkIn0=", "expire_date": "2019-06-20T05:37:04.026Z"}}, {"model": "sessions.session", "pk": "banfoe7zahl778b50mbn13ddqekhlnhi", "fields": {"session_data": "M2Y0MTM5NmZjNTJmZGVjMmJlMGE4NTFkNTgxY2I4ZmM4NTNjZjliMTp7Il9hdXRoX3VzZXJfaWQiOiIzIiwiX2F1dGhfdXNlcl9iYWNrZW5kIjoiZGphbmdvLmNvbnRyaWIuYXV0aC5iYWNrZW5kcy5Nb2RlbEJhY2tlbmQiLCJfYXV0aF91c2VyX2hhc2giOiI2YTdlNzNmYzIwNGZhZmY4NzdhYWYwY2E0YzU1OTY4YTM1YmI3NDBhIn0=", "expire_date": "2019-06-10T09:44:37.395Z"}}, {"model": "sessions.session", "pk": "chftbjt13seikuavdt8smeb0hyxi11q9", "fields": {"session_data": "NTFiOTUzNmVjOTZlZTZmNmYxMmE4ZjhjNjE3MGFhZjNlMjc0NjEyNTp7Il9hdXRoX3VzZXJfaWQiOiIzIiwiX2F1dGhfdXNlcl9iYWNrZW5kIjoiZGphbmdvLmNvbnRyaWIuYXV0aC5iYWNrZW5kcy5Nb2RlbEJhY2tlbmQiLCJfYXV0aF91c2VyX2hhc2giOiI4ZGJlZDE4YzY3NWM3Nzg3MjJiOWU0YzdjMWFhODBlMjdlYjRkN2Y4In0=", "expire_date": "2019-06-17T02:52:33.323Z"}}, {"model": "sessions.session", "pk": "drrpi6viqjad06jba1bd2sply5kclq5b", "fields": {"session_data": "Mjk0ZDMyNmE2ZDJmOWE1YmM3Y2IwNzkwYjFhN2RkODlmYTFkYWYzYzp7Il9hdXRoX3VzZXJfaWQiOiIxIiwiX2F1dGhfdXNlcl9iYWNrZW5kIjoiZGphbmdvLmNvbnRyaWIuYXV0aC5iYWNrZW5kcy5Nb2RlbEJhY2tlbmQiLCJfYXV0aF91c2VyX2hhc2giOiIzZGQ4NDk1MzNlZmZkN2VhOGIzODhiZTRhZDlmZmM4OGU2MmVhMjhmIn0=", "expire_date": "2019-06-18T03:39:27.168Z"}}, {"model": "sessions.session", "pk": "euix6vr2cp5u7fcs273bhkkqhjkonurv", "fields": {"session_data": "ZWFlMDNiMDU0YTE3NzYxMmU2NGI0M2ExOGViYTQzNTk5NjA3NDkwODp7fQ==", "expire_date": "2019-06-10T09:00:43.073Z"}}, {"model": "sessions.session", "pk": "frtmjujkjsj0a9te3sahte9f86sta3mr", "fields": {"session_data": "ZWFlMDNiMDU0YTE3NzYxMmU2NGI0M2ExOGViYTQzNTk5NjA3NDkwODp7fQ==", "expire_date": "2019-06-10T08:53:05.631Z"}}, {"model": "sessions.session", "pk": "gppj3ogi7xh3ro60jv39rid70tatokc3", "fields": {"session_data": "NTFiOTUzNmVjOTZlZTZmNmYxMmE4ZjhjNjE3MGFhZjNlMjc0NjEyNTp7Il9hdXRoX3VzZXJfaWQiOiIzIiwiX2F1dGhfdXNlcl9iYWNrZW5kIjoiZGphbmdvLmNvbnRyaWIuYXV0aC5iYWNrZW5kcy5Nb2RlbEJhY2tlbmQiLCJfYXV0aF91c2VyX2hhc2giOiI4ZGJlZDE4YzY3NWM3Nzg3MjJiOWU0YzdjMWFhODBlMjdlYjRkN2Y4In0=", "expire_date": "2019-06-15T14:10:01.734Z"}}, {"model": "sessions.session", "pk": "hfury9aplmrx30u8s4xo89nirym7ulox", "fields": {"session_data": "ZWFlMDNiMDU0YTE3NzYxMmU2NGI0M2ExOGViYTQzNTk5NjA3NDkwODp7fQ==", "expire_date": "2019-06-10T08:16:11.006Z"}}, {"model": "sessions.session", "pk": "i75ng4uimdejmtpc8bpcd4119t0zd4aj", "fields": {"session_data": "NTFiOTUzNmVjOTZlZTZmNmYxMmE4ZjhjNjE3MGFhZjNlMjc0NjEyNTp7Il9hdXRoX3VzZXJfaWQiOiIzIiwiX2F1dGhfdXNlcl9iYWNrZW5kIjoiZGphbmdvLmNvbnRyaWIuYXV0aC5iYWNrZW5kcy5Nb2RlbEJhY2tlbmQiLCJfYXV0aF91c2VyX2hhc2giOiI4ZGJlZDE4YzY3NWM3Nzg3MjJiOWU0YzdjMWFhODBlMjdlYjRkN2Y4In0=", "expire_date": "2019-06-18T04:57:37.091Z"}}, {"model": "sessions.session", "pk": "j45yjogwdkp92c9iltg9t4f4hlk21o33", "fields": {"session_data": "M2Y0MTM5NmZjNTJmZGVjMmJlMGE4NTFkNTgxY2I4ZmM4NTNjZjliMTp7Il9hdXRoX3VzZXJfaWQiOiIzIiwiX2F1dGhfdXNlcl9iYWNrZW5kIjoiZGphbmdvLmNvbnRyaWIuYXV0aC5iYWNrZW5kcy5Nb2RlbEJhY2tlbmQiLCJfYXV0aF91c2VyX2hhc2giOiI2YTdlNzNmYzIwNGZhZmY4NzdhYWYwY2E0YzU1OTY4YTM1YmI3NDBhIn0=", "expire_date": "2019-06-10T07:36:01.287Z"}}, {"model": "sessions.session", "pk": "l4h02ie532ffg8hdhv857uhqjg3hmmnq", "fields": {"session_data": "M2Y0MTM5NmZjNTJmZGVjMmJlMGE4NTFkNTgxY2I4ZmM4NTNjZjliMTp7Il9hdXRoX3VzZXJfaWQiOiIzIiwiX2F1dGhfdXNlcl9iYWNrZW5kIjoiZGphbmdvLmNvbnRyaWIuYXV0aC5iYWNrZW5kcy5Nb2RlbEJhY2tlbmQiLCJfYXV0aF91c2VyX2hhc2giOiI2YTdlNzNmYzIwNGZhZmY4NzdhYWYwY2E0YzU1OTY4YTM1YmI3NDBhIn0=", "expire_date": "2019-06-10T14:32:07.669Z"}}, {"model": "sessions.session", "pk": "lafz5r6yrsarcgc8ll2oxr8n10giuigv", "fields": {"session_data": "NmQ4M2QzMWVmMGNhNzRjMDA0Y2NhOGUwZjM2N2QxNWUzODE5MjhkYjp7Il9hdXRoX3VzZXJfaWQiOiIxIiwiX2F1dGhfdXNlcl9iYWNrZW5kIjoiZGphbmdvLmNvbnRyaWIuYXV0aC5iYWNrZW5kcy5Nb2RlbEJhY2tlbmQiLCJfYXV0aF91c2VyX2hhc2giOiIwMDAzNTcyMzJjOGM0ZTQ0NDg1ZTIzYmRhMThlZjEyYzBlZDIzODBmIn0=", "expire_date": "2019-06-06T09:24:51.175Z"}}, {"model": "sessions.session", "pk": "lc7t5lury9aeb44adg4fqlqffxy85y76", "fields": {"session_data": "ZDA5MWZkODc1NGYwZThkOGYwZjhmNmMxZWI3MDU4YTljOWEzYWM0Yzp7Il9hdXRoX3VzZXJfaWQiOiIxIiwiX2F1dGhfdXNlcl9iYWNrZW5kIjoiZGphbmdvLmNvbnRyaWIuYXV0aC5iYWNrZW5kcy5Nb2RlbEJhY2tlbmQiLCJfYXV0aF91c2VyX2hhc2giOiJjMjkyZTdjYWYyZTViYmMzOGNkZDY2YWE1YmI1MTg5NzY3ZWYxNWQ3In0=", "expire_date": "2019-06-04T11:52:58.633Z"}}, {"model": "sessions.session", "pk": "m66gbzc0iw37tkocfcdbwg4aif8g4hoo", "fields": {"session_data": "ZWFlMDNiMDU0YTE3NzYxMmU2NGI0M2ExOGViYTQzNTk5NjA3NDkwODp7fQ==", "expire_date": "2019-06-10T08:18:00.452Z"}}, {"model": "sessions.session", "pk": "mf2kx55111s7diao3dpl7j4jvad5qucx", "fields": {"session_data": "ZWFlMDNiMDU0YTE3NzYxMmU2NGI0M2ExOGViYTQzNTk5NjA3NDkwODp7fQ==", "expire_date": "2019-06-10T08:30:54.152Z"}}, {"model": "sessions.session", "pk": "mxgtkzjavd0gk90ja1rnl5ic88tokpk4", "fields": {"session_data": "NTFiOTUzNmVjOTZlZTZmNmYxMmE4ZjhjNjE3MGFhZjNlMjc0NjEyNTp7Il9hdXRoX3VzZXJfaWQiOiIzIiwiX2F1dGhfdXNlcl9iYWNrZW5kIjoiZGphbmdvLmNvbnRyaWIuYXV0aC5iYWNrZW5kcy5Nb2RlbEJhY2tlbmQiLCJfYXV0aF91c2VyX2hhc2giOiI4ZGJlZDE4YzY3NWM3Nzg3MjJiOWU0YzdjMWFhODBlMjdlYjRkN2Y4In0=", "expire_date": "2019-06-13T07:14:19.859Z"}}, {"model": "sessions.session", "pk": "nvasgf89lfbfmn3biw8lg6zcec5hxnbx", "fields": {"session_data": "M2Y0MTM5NmZjNTJmZGVjMmJlMGE4NTFkNTgxY2I4ZmM4NTNjZjliMTp7Il9hdXRoX3VzZXJfaWQiOiIzIiwiX2F1dGhfdXNlcl9iYWNrZW5kIjoiZGphbmdvLmNvbnRyaWIuYXV0aC5iYWNrZW5kcy5Nb2RlbEJhY2tlbmQiLCJfYXV0aF91c2VyX2hhc2giOiI2YTdlNzNmYzIwNGZhZmY4NzdhYWYwY2E0YzU1OTY4YTM1YmI3NDBhIn0=", "expire_date": "2019-06-11T14:11:08.776Z"}}, {"model": "sessions.session", "pk": "ppq9al82wmver3x28w0unzvyekgtavyg", "fields": {"session_data": "M2Y0MTM5NmZjNTJmZGVjMmJlMGE4NTFkNTgxY2I4ZmM4NTNjZjliMTp7Il9hdXRoX3VzZXJfaWQiOiIzIiwiX2F1dGhfdXNlcl9iYWNrZW5kIjoiZGphbmdvLmNvbnRyaWIuYXV0aC5iYWNrZW5kcy5Nb2RlbEJhY2tlbmQiLCJfYXV0aF91c2VyX2hhc2giOiI2YTdlNzNmYzIwNGZhZmY4NzdhYWYwY2E0YzU1OTY4YTM1YmI3NDBhIn0=", "expire_date": "2019-06-11T09:09:36.918Z"}}, {"model": "sessions.session", "pk": "pv7cxdojskdsiiq5ojylvxyc9o5l36es", "fields": {"session_data": "N2NjZjNkYTMyMzE2NzJmZDQxNDFjMzZmZDgwMGY1ZTg1NTQyNzI0MTp7Il9hdXRoX3VzZXJfaWQiOiI0IiwiX2F1dGhfdXNlcl9iYWNrZW5kIjoiZGphbmdvLmNvbnRyaWIuYXV0aC5iYWNrZW5kcy5Nb2RlbEJhY2tlbmQiLCJfYXV0aF91c2VyX2hhc2giOiI5YzAzMzJhZTJiZGU3M2QwMDRmMDdlMGYzOGNiNmJkZmI2OGYzNDA2In0=", "expire_date": "2019-06-12T01:45:14.844Z"}}, {"model": "sessions.session", "pk": "rse0dv6t9rirpy4vi2u80md880thswjm", "fields": {"session_data": "M2Y0MTM5NmZjNTJmZGVjMmJlMGE4NTFkNTgxY2I4ZmM4NTNjZjliMTp7Il9hdXRoX3VzZXJfaWQiOiIzIiwiX2F1dGhfdXNlcl9iYWNrZW5kIjoiZGphbmdvLmNvbnRyaWIuYXV0aC5iYWNrZW5kcy5Nb2RlbEJhY2tlbmQiLCJfYXV0aF91c2VyX2hhc2giOiI2YTdlNzNmYzIwNGZhZmY4NzdhYWYwY2E0YzU1OTY4YTM1YmI3NDBhIn0=", "expire_date": "2019-06-11T05:08:11.509Z"}}, {"model": "sessions.session", "pk": "rw8d8yql9xc9l8vu89a88v49qxg38877", "fields": {"session_data": "NTFiOTUzNmVjOTZlZTZmNmYxMmE4ZjhjNjE3MGFhZjNlMjc0NjEyNTp7Il9hdXRoX3VzZXJfaWQiOiIzIiwiX2F1dGhfdXNlcl9iYWNrZW5kIjoiZGphbmdvLmNvbnRyaWIuYXV0aC5iYWNrZW5kcy5Nb2RlbEJhY2tlbmQiLCJfYXV0aF91c2VyX2hhc2giOiI4ZGJlZDE4YzY3NWM3Nzg3MjJiOWU0YzdjMWFhODBlMjdlYjRkN2Y4In0=", "expire_date": "2019-06-18T05:16:14.202Z"}}, {"model": "sessions.session", "pk": "shjkvqb8i9obgbb7jbrba6npiy6lioa5", "fields": {"session_data": "M2Y0MTM5NmZjNTJmZGVjMmJlMGE4NTFkNTgxY2I4ZmM4NTNjZjliMTp7Il9hdXRoX3VzZXJfaWQiOiIzIiwiX2F1dGhfdXNlcl9iYWNrZW5kIjoiZGphbmdvLmNvbnRyaWIuYXV0aC5iYWNrZW5kcy5Nb2RlbEJhY2tlbmQiLCJfYXV0aF91c2VyX2hhc2giOiI2YTdlNzNmYzIwNGZhZmY4NzdhYWYwY2E0YzU1OTY4YTM1YmI3NDBhIn0=", "expire_date": "2019-06-10T09:13:01.723Z"}}, {"model": "sessions.session", "pk": "tmpiy0dhqw3h9zmxw1vok0cm67juvgiu", "fields": {"session_data": "M2Y0MTM5NmZjNTJmZGVjMmJlMGE4NTFkNTgxY2I4ZmM4NTNjZjliMTp7Il9hdXRoX3VzZXJfaWQiOiIzIiwiX2F1dGhfdXNlcl9iYWNrZW5kIjoiZGphbmdvLmNvbnRyaWIuYXV0aC5iYWNrZW5kcy5Nb2RlbEJhY2tlbmQiLCJfYXV0aF91c2VyX2hhc2giOiI2YTdlNzNmYzIwNGZhZmY4NzdhYWYwY2E0YzU1OTY4YTM1YmI3NDBhIn0=", "expire_date": "2019-06-10T10:38:01.021Z"}}, {"model": "sessions.session", "pk": "udix1ke9jqusvtfs5wt93ltvllikpun5", "fields": {"session_data": "NTFiOTUzNmVjOTZlZTZmNmYxMmE4ZjhjNjE3MGFhZjNlMjc0NjEyNTp7Il9hdXRoX3VzZXJfaWQiOiIzIiwiX2F1dGhfdXNlcl9iYWNrZW5kIjoiZGphbmdvLmNvbnRyaWIuYXV0aC5iYWNrZW5kcy5Nb2RlbEJhY2tlbmQiLCJfYXV0aF91c2VyX2hhc2giOiI4ZGJlZDE4YzY3NWM3Nzg3MjJiOWU0YzdjMWFhODBlMjdlYjRkN2Y4In0=", "expire_date": "2019-06-12T06:48:11.724Z"}}, {"model": "sessions.session", "pk": "v974nobpwsiq0aataej224dv5mrvnet4", "fields": {"session_data": "NTFiOTUzNmVjOTZlZTZmNmYxMmE4ZjhjNjE3MGFhZjNlMjc0NjEyNTp7Il9hdXRoX3VzZXJfaWQiOiIzIiwiX2F1dGhfdXNlcl9iYWNrZW5kIjoiZGphbmdvLmNvbnRyaWIuYXV0aC5iYWNrZW5kcy5Nb2RlbEJhY2tlbmQiLCJfYXV0aF91c2VyX2hhc2giOiI4ZGJlZDE4YzY3NWM3Nzg3MjJiOWU0YzdjMWFhODBlMjdlYjRkN2Y4In0=", "expire_date": "2019-06-15T14:04:24.661Z"}}, {"model": "sessions.session", "pk": "wdpvgb3jl8eklnshcmlmz9wfygfiksf8", "fields": {"session_data": "OWUzOWQxMzEyODQ0ZjViOWYzYTg4ZmM1ODQwNGU0MWEyNzRiYjhmODp7Il9hdXRoX3VzZXJfaWQiOiIyMSIsIl9hdXRoX3VzZXJfYmFja2VuZCI6ImRqYW5nby5jb250cmliLmF1dGguYmFja2VuZHMuTW9kZWxCYWNrZW5kIiwiX2F1dGhfdXNlcl9oYXNoIjoiYjY5OWU0YjRiNmMyMTZhNDRkZjAyM2RlNTNhZGYyZDk3ZWUzOGQ2YiJ9", "expire_date": "2019-06-19T01:34:42.953Z"}}, {"model": "sessions.session", "pk": "ydosng7f757a1h7i6vsvmb726fo9xdzf", "fields": {"session_data": "ZWFlMDNiMDU0YTE3NzYxMmU2NGI0M2ExOGViYTQzNTk5NjA3NDkwODp7fQ==", "expire_date": "2019-06-10T09:01:11.568Z"}}, {"model": "sessions.session", "pk": "yt7k88tdnfbjofptf6wwgxr15iq4lnh1", "fields": {"session_data": "MzFlM2Q4NWQ5YWMwMzE3M2U5YmMzNzA4MTE5ODZkMDkyOTkxYTAxMjp7Il9hdXRoX3VzZXJfaWQiOiIyMSIsIl9hdXRoX3VzZXJfYmFja2VuZCI6ImRqYW5nby5jb250cmliLmF1dGguYmFja2VuZHMuTW9kZWxCYWNrZW5kIiwiX2F1dGhfdXNlcl9oYXNoIjoiYzNjNmM3OTIyYjE2MjlkZjYxNTZmZmRmNzYwNWRmOWE5NDU1MGQxMSJ9", "expire_date": "2019-06-18T10:32:55.982Z"}}, {"model": "sessions.session", "pk": "zbn4z843q8kv1bdvqz77hz9n10vosral", "fields": {"session_data": "NTFiOTUzNmVjOTZlZTZmNmYxMmE4ZjhjNjE3MGFhZjNlMjc0NjEyNTp7Il9hdXRoX3VzZXJfaWQiOiIzIiwiX2F1dGhfdXNlcl9iYWNrZW5kIjoiZGphbmdvLmNvbnRyaWIuYXV0aC5iYWNrZW5kcy5Nb2RlbEJhY2tlbmQiLCJfYXV0aF91c2VyX2hhc2giOiI4ZGJlZDE4YzY3NWM3Nzg3MjJiOWU0YzdjMWFhODBlMjdlYjRkN2Y4In0=", "expire_date": "2019-06-11T16:41:03.865Z"}}, {"model": "sessions.session", "pk": "zs9jka14bigjo8eqxu7yujmzjittzcd5", "fields": {"session_data": "M2Y0MTM5NmZjNTJmZGVjMmJlMGE4NTFkNTgxY2I4ZmM4NTNjZjliMTp7Il9hdXRoX3VzZXJfaWQiOiIzIiwiX2F1dGhfdXNlcl9iYWNrZW5kIjoiZGphbmdvLmNvbnRyaWIuYXV0aC5iYWNrZW5kcy5Nb2RlbEJhY2tlbmQiLCJfYXV0aF91c2VyX2hhc2giOiI2YTdlNzNmYzIwNGZhZmY4NzdhYWYwY2E0YzU1OTY4YTM1YmI3NDBhIn0=", "expire_date": "2019-06-10T14:25:05.081Z"}}, {"model": "user.position", "pk": 1, "fields": {"position": "\u7ecf\u7406"}}, {"model": "user.position", "pk": 2, "fields": {"position": "\u666e\u901a\u5de5"}}, {"model": "user.position", "pk": 3, "fields": {"position": "\u7ef4\u4fee\u5de5"}}, {"model": "user.position", "pk": 10, "fields": {"position": "\u6e05\u6d01\u5de5"}}, {"model": "orders.orders", "pk": 6, "fields": {"order_name": 1, "order_client": "\u51b0\u718a", "order_number": 124, "order_price": 1, "order_total_price": 124, "order_time": "2019-06-05", "order_end": "2019-06-21", "order_supplement": "\u65e0"}}, {"model": "orders.orders", "pk": 7, "fields": {"order_name": 3, "order_client": "\u51b0\u718a", "order_number": 122, "order_price": 1, "order_total_price": 122, "order_time": "2019-06-05", "order_end": "2019-06-28", "order_supplement": "\u65e0"}}, {"model": "warehouse.product", "pk": 1, "fields": {"product_name": "\u51b0\u7bb1"}}, {"model": "warehouse.product", "pk": 2, "fields": {"product_name": "\u51b0\u67dc"}}, {"model": "warehouse.product", "pk": 3, "fields": {"product_name": "\u6d17\u8863\u673a"}}, {"model": "warehouse.product", "pk": 4, "fields": {"product_name": "\u7535\u996d\u7172"}}, {"model": "warehouse.goods", "pk": 1, "fields": {"good_name": "1\u53f7\u87ba\u4e1d"}}, {"model": "warehouse.warehouse", "pk": 1, "fields": {"current_time": "2019-06-07", "product_name": 1, "number": 10, "unit": "\u4e2a"}}, {"model": "warehouse.warehousesource", "pk": 1, "fields": {"current_time": "2019-06-07", "source_name": 1, "number": 103, "unit": "\u4e2a"}}, {"model": "auth.permission", "pk": 1, "fields": {"name": "Can add log entry", "content_type": 1, "codename": "add_logentry"}}, {"model": "auth.permission", "pk": 2, "fields": {"name": "Can change log entry", "content_type": 1, "codename": "change_logentry"}}, {"model": "auth.permission", "pk": 3, "fields": {"name": "Can delete log entry", "content_type": 1, "codename": "delete_logentry"}}, {"model": "auth.permission", "pk": 4, "fields": {"name": "Can add permission", "content_type": 2, "codename": "add_permission"}}, {"model": "auth.permission", "pk": 5, "fields": {"name": "Can change permission", "content_type": 2, "codename": "change_permission"}}, {"model": "auth.permission", "pk": 6, "fields": {"name": "Can delete permission", "content_type": 2, "codename": "delete_permission"}}, {"model": "auth.permission", "pk": 7, "fields": {"name": "Can add group", "content_type": 3, "codename": "add_group"}}, {"model": "auth.permission", "pk": 8, "fields": {"name": "Can change group", "content_type": 3, "codename": "change_group"}}, {"model": "auth.permission", "pk": 9, "fields": {"name": "Can delete group", "content_type": 3, "codename": "delete_group"}}, {"model": "auth.permission", "pk": 10, "fields": {"name": "Can add user", "content_type": 4, "codename": "add_user"}}, {"model": "auth.permission", "pk": 11, "fields": {"name": "Can change user", "content_type": 4, "codename": "change_user"}}, {"model": "auth.permission", "pk": 12, "fields": {"name": "Can delete user", "content_type": 4, "codename": "delete_user"}}, {"model": "auth.permission", "pk": 13, "fields": {"name": "Can add content type", "content_type": 5, "codename": "add_contenttype"}}, {"model": "auth.permission", "pk": 14, "fields": {"name": "Can change content type", "content_type": 5, "codename": "change_contenttype"}}, {"model": "auth.permission", "pk": 15, "fields": {"name": "Can delete content type", "content_type": 5, "codename": "delete_contenttype"}}, {"model": "auth.permission", "pk": 16, "fields": {"name": "Can add session", "content_type": 6, "codename": "add_session"}}, {"model": "auth.permission", "pk": 17, "fields": {"name": "Can change session", "content_type": 6, "codename": "change_session"}}, {"model": "auth.permission", "pk": 18, "fields": {"name": "Can delete session", "content_type": 6, "codename": "delete_session"}}, {"model": "auth.permission", "pk": 19, "fields": {"name": "Can add attendance", "content_type": 7, "codename": "add_attendance"}}, {"model": "auth.permission", "pk": 20, "fields": {"name": "Can change attendance", "content_type": 7, "codename": "change_attendance"}}, {"model": "auth.permission", "pk": 21, "fields": {"name": "Can delete attendance", "content_type": 7, "codename": "delete_attendance"}}, {"model": "auth.permission", "pk": 22, "fields": {"name": "Can add facility", "content_type": 8, "codename": "add_facility"}}, {"model": "auth.permission", "pk": 23, "fields": {"name": "Can change facility", "content_type": 8, "codename": "change_facility"}}, {"model": "auth.permission", "pk": 24, "fields": {"name": "Can delete facility", "content_type": 8, "codename": "delete_facility"}}, {"model": "auth.permission", "pk": 25, "fields": {"name": "Can add maintain", "content_type": 9, "codename": "add_maintain"}}, {"model": "auth.permission", "pk": 26, "fields": {"name": "Can change maintain", "content_type": 9, "codename": "change_maintain"}}, {"model": "auth.permission", "pk": 27, "fields": {"name": "Can delete maintain", "content_type": 9, "codename": "delete_maintain"}}, {"model": "auth.permission", "pk": 28, "fields": {"name": "Can add orders", "content_type": 10, "codename": "add_orders"}}, {"model": "auth.permission", "pk": 29, "fields": {"name": "Can change orders", "content_type": 10, "codename": "change_orders"}}, {"model": "auth.permission", "pk": 30, "fields": {"name": "Can delete orders", "content_type": 10, "codename": "delete_orders"}}, {"model": "auth.permission", "pk": 31, "fields": {"name": "Can add produce diary", "content_type": 11, "codename": "add_producediary"}}, {"model": "auth.permission", "pk": 32, "fields": {"name": "Can change produce diary", "content_type": 11, "codename": "change_producediary"}}, {"model": "auth.permission", "pk": 33, "fields": {"name": "Can delete produce diary", "content_type": 11, "codename": "delete_producediary"}}, {"model": "auth.permission", "pk": 34, "fields": {"name": "Can add purchase list", "content_type": 12, "codename": "add_purchaselist"}}, {"model": "auth.permission", "pk": 35, "fields": {"name": "Can change purchase list", "content_type": 12, "codename": "change_purchaselist"}}, {"model": "auth.permission", "pk": 36, "fields": {"name": "Can delete purchase list", "content_type": 12, "codename": "delete_purchaselist"}}, {"model": "auth.permission", "pk": 37, "fields": {"name": "Can add repair", "content_type": 13, "codename": "add_repair"}}, {"model": "auth.permission", "pk": 38, "fields": {"name": "Can change repair", "content_type": 13, "codename": "change_repair"}}, {"model": "auth.permission", "pk": 39, "fields": {"name": "Can delete repair", "content_type": 13, "codename": "delete_repair"}}, {"model": "auth.permission", "pk": 40, "fields": {"name": "Can add salary", "content_type": 14, "codename": "add_salary"}}, {"model": "auth.permission", "pk": 41, "fields": {"name": "Can change salary", "content_type": 14, "codename": "change_salary"}}, {"model": "auth.permission", "pk": 42, "fields": {"name": "Can delete salary", "content_type": 14, "codename": "delete_salary"}}, {"model": "auth.permission", "pk": 43, "fields": {"name": "Can add staff", "content_type": 15, "codename": "add_staff"}}, {"model": "auth.permission", "pk": 44, "fields": {"name": "Can change staff", "content_type": 15, "codename": "change_staff"}}, {"model": "auth.permission", "pk": 45, "fields": {"name": "Can delete staff", "content_type": 15, "codename": "delete_staff"}}, {"model": "auth.permission", "pk": 46, "fields": {"name": "Can add warehouse", "content_type": 16, "codename": "add_warehouse"}}, {"model": "auth.permission", "pk": 47, "fields": {"name": "Can change warehouse", "content_type": 16, "codename": "change_warehouse"}}, {"model": "auth.permission", "pk": 48, "fields": {"name": "Can delete warehouse", "content_type": 16, "codename": "delete_warehouse"}}, {"model": "auth.permission", "pk": 49, "fields": {"name": "Can add profile", "content_type": 17, "codename": "add_profile"}}, {"model": "auth.permission", "pk": 50, "fields": {"name": "Can change profile", "content_type": 17, "codename": "change_profile"}}, {"model": "auth.permission", "pk": 51, "fields": {"name": "Can delete profile", "content_type": 17, "codename": "delete_profile"}}, {"model": "auth.permission", "pk": 52, "fields": {"name": "Can add orders", "content_type": 18, "codename": "add_orders"}}, {"model": "auth.permission", "pk": 53, "fields": {"name": "Can change orders", "content_type": 18, "codename": "change_orders"}}, {"model": "auth.permission", "pk": 54, "fields": {"name": "Can delete orders", "content_type": 18, "codename": "delete_orders"}}, {"model": "auth.permission", "pk": 55, "fields": {"name": "Can add warehouse", "content_type": 19, "codename": "add_warehouse"}}, {"model": "auth.permission", "pk": 56, "fields": {"name": "Can change warehouse", "content_type": 19, "codename": "change_warehouse"}}, {"model": "auth.permission", "pk": 57, "fields": {"name": "Can delete warehouse", "content_type": 19, "codename": "delete_warehouse"}}, {"model": "auth.permission", "pk": 58, "fields": {"name": "Can add purchase list", "content_type": 20, "codename": "add_purchaselist"}}, {"model": "auth.permission", "pk": 59, "fields": {"name": "Can change purchase list", "content_type": 20, "codename": "change_purchaselist"}}, {"model": "auth.permission", "pk": 60, "fields": {"name": "Can delete purchase list", "content_type": 20, "codename": "delete_purchaselist"}}, {"model": "auth.permission", "pk": 61, "fields": {"name": "Can add produce diary", "content_type": 21, "codename": "add_producediary"}}, {"model": "auth.permission", "pk": 62, "fields": {"name": "Can change produce diary", "content_type": 21, "codename": "change_producediary"}}, {"model": "auth.permission", "pk": 63, "fields": {"name": "Can delete produce diary", "content_type": 21, "codename": "delete_producediary"}}, {"model": "auth.permission", "pk": 64, "fields": {"name": "Can add facility", "content_type": 22, "codename": "add_facility"}}, {"model": "auth.permission", "pk": 65, "fields": {"name": "Can change facility", "content_type": 22, "codename": "change_facility"}}, {"model": "auth.permission", "pk": 66, "fields": {"name": "Can delete facility", "content_type": 22, "codename": "delete_facility"}}, {"model": "auth.permission", "pk": 67, "fields": {"name": "Can add maintain", "content_type": 23, "codename": "add_maintain"}}, {"model": "auth.permission", "pk": 68, "fields": {"name": "Can change maintain", "content_type": 23, "codename": "change_maintain"}}, {"model": "auth.permission", "pk": 69, "fields": {"name": "Can delete maintain", "content_type": 23, "codename": "delete_maintain"}}, {"model": "auth.permission", "pk": 70, "fields": {"name": "Can add repair", "content_type": 24, "codename": "add_repair"}}, {"model": "auth.permission", "pk": 71, "fields": {"name": "Can change repair", "content_type": 24, "codename": "change_repair"}}, {"model": "auth.permission", "pk": 72, "fields": {"name": "Can delete repair", "content_type": 24, "codename": "delete_repair"}}, {"model": "auth.permission", "pk": 73, "fields": {"name": "Can add baoxiu", "content_type": 25, "codename": "add_baoxiu"}}, {"model": "auth.permission", "pk": 74, "fields": {"name": "Can change baoxiu", "content_type": 25, "codename": "change_baoxiu"}}, {"model": "auth.permission", "pk": 75, "fields": {"name": "Can delete baoxiu", "content_type": 25, "codename": "delete_baoxiu"}}, {"model": "auth.permission", "pk": 76, "fields": {"name": "Can add salary", "content_type": 26, "codename": "add_salary"}}, {"model": "auth.permission", "pk": 77, "fields": {"name": "Can change salary", "content_type": 26, "codename": "change_salary"}}, {"model": "auth.permission", "pk": 78, "fields": {"name": "Can delete salary", "content_type": 26, "codename": "delete_salary"}}, {"model": "auth.permission", "pk": 79, "fields": {"name": "Can add attendance", "content_type": 27, "codename": "add_attendance"}}, {"model": "auth.permission", "pk": 80, "fields": {"name": "Can change attendance", "content_type": 27, "codename": "change_attendance"}}, {"model": "auth.permission", "pk": 81, "fields": {"name": "Can delete attendance", "content_type": 27, "codename": "delete_attendance"}}, {"model": "auth.permission", "pk": 82, "fields": {"name": "Can add purchase list apply", "content_type": 28, "codename": "add_purchaselistapply"}}, {"model": "auth.permission", "pk": 83, "fields": {"name": "Can change purchase list apply", "content_type": 28, "codename": "change_purchaselistapply"}}, {"model": "auth.permission", "pk": 84, "fields": {"name": "Can delete purchase list apply", "content_type": 28, "codename": "delete_purchaselistapply"}}, {"model": "auth.permission", "pk": 85, "fields": {"name": "Can add purchase list sanction", "content_type": 29, "codename": "add_purchaselistsanction"}}, {"model": "auth.permission", "pk": 86, "fields": {"name": "Can change purchase list sanction", "content_type": 29, "codename": "change_purchaselistsanction"}}, {"model": "auth.permission", "pk": 87, "fields": {"name": "Can delete purchase list sanction", "content_type": 29, "codename": "delete_purchaselistsanction"}}, {"model": "auth.permission", "pk": 88, "fields": {"name": "Can add notice", "content_type": 30, "codename": "add_notice"}}, {"model": "auth.permission", "pk": 89, "fields": {"name": "Can change notice", "content_type": 30, "codename": "change_notice"}}, {"model": "auth.permission", "pk": 90, "fields": {"name": "Can delete notice", "content_type": 30, "codename": "delete_notice"}}, {"model": "auth.permission", "pk": 91, "fields": {"name": "Can add position", "content_type": 31, "codename": "add_position"}}, {"model": "auth.permission", "pk": 92, "fields": {"name": "Can change position", "content_type": 31, "codename": "change_position"}}, {"model": "auth.permission", "pk": 93, "fields": {"name": "Can delete position", "content_type": 31, "codename": "delete_position"}}, {"model": "auth.permission", "pk": 94, "fields": {"name": "Can add product", "content_type": 32, "codename": "add_product"}}, {"model": "auth.permission", "pk": 95, "fields": {"name": "Can change product", "content_type": 32, "codename": "change_product"}}, {"model": "auth.permission", "pk": 96, "fields": {"name": "Can delete product", "content_type": 32, "codename": "delete_product"}}, {"model": "auth.permission", "pk": 97, "fields": {"name": "Can add goods", "content_type": 33, "codename": "add_goods"}}, {"model": "auth.permission", "pk": 98, "fields": {"name": "Can change goods", "content_type": 33, "codename": "change_goods"}}, {"model": "auth.permission", "pk": 99, "fields": {"name": "Can delete goods", "content_type": 33, "codename": "delete_goods"}}, {"model": "auth.permission", "pk": 100, "fields": {"name": "Can add warehouse source", "content_type": 34, "codename": "add_warehousesource"}}, {"model": "auth.permission", "pk": 101, "fields": {"name": "Can change warehouse source", "content_type": 34, "codename": "change_warehousesource"}}, {"model": "auth.permission", "pk": 102, "fields": {"name": "Can delete warehouse source", "content_type": 34, "codename": "delete_warehousesource"}}, {"model": "auth.group", "pk": 1, "fields": {"name": "\u666e\u901a\u804c\u5de5", "permissions": [73, 82]}}, {"model": "auth.user", "pk": 1, "fields": {"password": "pbkdf2_sha256$100000$BUd2CjIC38Hi$E6XYgHBFvHUpeAo/Lnc+8Lcvfk8IarlJchyd5ux80/I=", "last_login": "2019-06-04T10:00:00Z", "is_superuser": true, "username": "\u8bfa\u767e\u7279", "first_name": "", "last_name": "", "email": "1@nbt.cn", "is_staff": true, "is_active": true, "date_joined": "2019-05-21T11:52:00Z", "groups": [], "user_permissions": []}}, {"model": "auth.user", "pk": 3, "fields": {"password": "pbkdf2_sha256$100000$C1jQZzZzvPVK$ojLcAaXJEqwnyh0JQffNlTmkDoNtckhhmWVfHqF2JXU=", "last_login": "2019-06-06T05:37:00Z", "is_superuser": true, "username": "test", "first_name": "", "last_name": "", "email": "liujinhao@secrul.cn", "is_staff": true, "is_active": true, "date_joined": "2019-05-27T07:35:00Z", "groups": [], "user_permissions": []}}, {"model": "auth.user", "pk": 7, "fields": {"password": "pbkdf2_sha256$100000$unBUtI2xEivq$2diXIdNuMMzlcc+bUNPZS5TMGsovcvplffg6ctWlJts=", "last_login": "2019-06-06T05:34:00Z", "is_superuser": false, "username": "\u674e\u7ef4\u4fee", "first_name": "", "last_name": "", "email": "7@nbt.cn", "is_staff": false, "is_active": true, "date_joined": "2019-06-02T03:49:00Z", "groups": [], "user_permissions": []}}, {"model": "auth.user", "pk": 19, "fields": {"password": "pbkdf2_sha256$100000$6N0gTlc8ipMz$mcCcGIcOkrI1EsNLP1+hC2Z8tbPtkPf5JxnhCdnBVFw=", "last_login": null, "is_superuser": false, "username": "\u5f20\u7ef4\u4fee", "first_name": "", "last_name": "", "email": "19@nbt.cn", "is_staff": false, "is_active": true, "date_joined": "2019-06-04T08:31:00Z", "groups": [], "user_permissions": []}}, {"model": "auth.user", "pk": 20, "fields": {"password": "pbkdf2_sha256$100000$yuTRofD66lNe$nDeTMF6AtHPkY17XjZ4yoBXszGT8PM/OdwLPdSM1mQo=", "last_login": null, "is_superuser": false, "username": "\u5f20\u7ecf\u7406", "first_name": "", "last_name": "", "email": "20@nbt.cn", "is_staff": false, "is_active": true, "date_joined": "2019-06-04T08:32:00Z", "groups": [], "user_permissions": []}}, {"model": "user.profile", "pk": 1, "fields": {"user": 1, "staff_gender": "female", "staff_age": 12, "staff_home": "\u5317\u4eac", "staff_nationality": "\u6c49", "staff_tel": 13121213113, "start_time": "2019-05-27", "id_card": "112212121212121212", "staff_type": "\u7ecf\u7406", "salary_pre_hour": 121}}, {"model": "user.profile", "pk": 4, "fields": {"user": 3, "staff_gender": "male", "staff_age": 39, "staff_home": "\u5317\u4eac", "staff_nationality": "\u6c49", "staff_tel": 13121213113, "start_time": "2019-05-28", "id_card": "112212121212121212", "staff_type": "\u7ecf\u7406", "salary_pre_hour": 100}}, {"model": "user.profile", "pk": 7, "fields": {"user": 7, "staff_gender": "male", "staff_age": 49, "staff_home": "\u4e0a\u6d77", "staff_nationality": "\u6c49", "staff_tel": 13121213113, "start_time": "2019-06-02", "id_card": "112212121212121212", "staff_type": "\u7ef4\u4fee\u5de5", "salary_pre_hour": 40}}, {"model": "user.profile", "pk": 12, "fields": {"user": 19, "staff_gender": "male", "staff_age": 38, "staff_home": "\u6cb3\u5357", "staff_nationality": "\u6c49", "staff_tel": 13121213113, "start_time": "2019-06-04", "id_card": "112212121212121212", "staff_type": "\u7ef4\u4fee\u5de5", "salary_pre_hour": 111}}, {"model": "user.profile", "pk": 13, "fields": {"user": 20, "staff_gender": "male", "staff_age": 38, "staff_home": "\u6cb3\u5357", "staff_nationality": "\u6c49", "staff_tel": 13121213113, "start_time": "2019-06-04", "id_card": "112212121212121212", "staff_type": "\u7ecf\u7406", "salary_pre_hour": 100}}, {"model": "user.attendance", "pk": 8, "fields": {"current_time": "2019-06-06", "staff_name": 1, "flag_leave": false, "flag_business": true, "start_time": "2019-06-06T07:51:57.187Z", "end_time": "2019-06-06T07:51:57.188Z", "supplement": "\u65e0"}}, {"model": "user.attendance", "pk": 9, "fields": {"current_time": "2019-06-06", "staff_name": 1, "flag_leave": false, "flag_business": true, "start_time": "2019-06-06T07:52:08.004Z", "end_time": "2019-06-06T07:52:08.004Z", "supplement": "\u65e0"}}, {"model": "user.attendance", "pk": 10, "fields": {"current_time": "2019-06-06", "staff_name": 1, "flag_leave": false, "flag_business": true, "start_time": "2019-06-06T07:52:18.723Z", "end_time": "2019-06-06T07:52:18.723Z", "supplement": "\u65e0"}}, {"model": "user.attendance", "pk": 11, "fields": {"current_time": "2019-06-06", "staff_name": 1, "flag_leave": true, "flag_business": false, "start_time": "2019-06-06T07:52:30.444Z", "end_time": "2019-06-06T07:52:30.444Z", "supplement": "\u65e0"}}, {"model": "user.attendance", "pk": 12, "fields": {"current_time": "2019-06-06", "staff_name": 1, "flag_leave": false, "flag_business": true, "start_time": "2019-06-06T08:18:38.959Z", "end_time": "2019-06-06T08:18:38.959Z", "supplement": "\u65e0"}}, {"model": "user.attendance", "pk": 13, "fields": {"current_time": "2019-06-07", "staff_name": 1, "flag_leave": false, "flag_business": false, "start_time": "2019-06-07T07:50:38.925Z", "end_time": "2019-06-07T07:50:38.925Z", "supplement": "\u65e0"}}, {"model": "user.salary", "pk": 223, "fields": {"current_time": "2019-06-06", "staff_name": 1, "attend_days": 5, "leave_days": 1, "absent_days": 24, "business_days": 4, "zaotui_days": 1, "late_days": 1, "overtime": 0, "base_salary": 605, "overtime_salary": 0, "kouchu": 2500, "allowance": 100, "should_pay": -1795, "tax": 0, "actual_pay": -1795}}, {"model": "user.salary", "pk": 224, "fields": {"current_time": "2019-06-06", "staff_name": 3, "attend_days": 0, "leave_days": 0, "absent_days": 30, "business_days": 0, "zaotui_days": 0, "late_days": 0, "overtime": 0, "base_salary": 0, "overtime_salary": 0, "kouchu": 3000, "allowance": 0, "should_pay": -3000, "tax": 0, "actual_pay": -3000}}, {"model": "user.salary", "pk": 225, "fields": {"current_time": "2019-06-06", "staff_name": 7, "attend_days": 0, "leave_days": 0, "absent_days": 30, "business_days": 0, "zaotui_days": 0, "late_days": 0, "overtime": 0, "base_salary": 0, "overtime_salary": 0, "kouchu": 3000, "allowance": 0, "should_pay": -3000, "tax": 0, "actual_pay": -3000}}, {"model": "user.salary", "pk": 226, "fields": {"current_time": "2019-06-06", "staff_name": 19, "attend_days": 0, "leave_days": 0, "absent_days": 30, "business_days": 0, "zaotui_days": 0, "late_days": 0, "overtime": 0, "base_salary": 0, "overtime_salary": 0, "kouchu": 3000, "allowance": 0, "should_pay": -3000, "tax": 0, "actual_pay": -3000}}, {"model": "user.salary", "pk": 227, "fields": {"current_time": "2019-06-06", "staff_name": 20, "attend_days": 0, "leave_days": 0, "absent_days": 30, "business_days": 0, "zaotui_days": 0, "late_days": 0, "overtime": 0, "base_salary": 0, "overtime_salary": 0, "kouchu": 3000, "allowance": 0, "should_pay": -3000, "tax": 0, "actual_pay": -3000}}, {"model": "warehouse.purchaselist", "pk": 3, "fields": {"good_name": "\u5207\u5272\u673a", "good_version": "1", "good_num": 111, "apply_staff_name": 3, "apply_date": "2019-06-02", "sanction_staff_name": 3, "sanction_date": "2019-06-02", "price": 10, "total_price": 10000, "buyer_name": 3, "buyer_date": "2019-06-02"}}, {"model": "warehouse.purchaselist", "pk": 4, "fields": {"good_name": "\u5207\u5272\u673a", "good_version": "1", "good_num": 666, "apply_staff_name": 3, "apply_date": "2019-06-02", "sanction_staff_name": 3, "sanction_date": "2019-06-05", "price": 10, "total_price": 666, "buyer_name": 3, "buyer_date": "2019-06-05"}}, {"model": "warehouse.purchaselist", "pk": 5, "fields": {"good_name": "\u5207\u5272\u673a", "good_version": "1", "good_num": 1111, "apply_staff_name": 3, "apply_date": "2019-06-03", "sanction_staff_name": 3, "sanction_date": "2019-06-07", "price": 10, "total_price": 100000, "buyer_name": 3, "buyer_date": "2019-06-07"}}, {"model": "warehouse.purchaselist", "pk": 6, "fields": {"good_name": "\u5207\u5272\u673a", "good_version": "1", "good_num": 10, "apply_staff_name": 3, "apply_date": "2019-06-07", "sanction_staff_name": null, "sanction_date": "2019-06-07", "price": null, "total_price": null, "buyer_name": null, "buyer_date": "2019-06-07"}}, {"model": "warehouse.purchaselist", "pk": 7, "fields": {"good_name": "\u6a21\u578b\u673a", "good_version": "1", "good_num": 11, "apply_staff_name": 3, "apply_date": "2019-06-07", "sanction_staff_name": null, "sanction_date": "2019-06-07", "price": null, "total_price": null, "buyer_name": null, "buyer_date": "2019-06-07"}}, {"model": "warehouse.purchaselist", "pk": 8, "fields": {"good_name": "\u6a21\u578b\u673a", "good_version": "1", "good_num": 11, "apply_staff_name": 3, "apply_date": "2019-06-07", "sanction_staff_name": null, "sanction_date": "2019-06-07", "price": null, "total_price": null, "buyer_name": null, "buyer_date": "2019-06-07"}}, {"model": "warehouse.purchaselist", "pk": 9, "fields": {"good_name": "\u5207\u5272\u673a", "good_version": "1", "good_num": 10, "apply_staff_name": 3, "apply_date": "2019-06-07", "sanction_staff_name": null, "sanction_date": "2019-06-07", "price": null, "total_price": null, "buyer_name": null, "buyer_date": "2019-06-07"}}, {"model": "warehouse.producediary", "pk": 4, "fields": {"current_time": "2019-06-05", "facility_id": 1, "staff_name": 1, "product_name": 1, "today_done_num": 12, "qualified_num": 12}}, {"model": "warehouse.producediary", "pk": 5, "fields": {"current_time": "2019-06-05", "facility_id": 3, "staff_name": 1, "product_name": 1, "today_done_num": 12, "qualified_num": 12}}, {"model": "warehouse.producediary", "pk": 6, "fields": {"current_time": "2019-06-07", "facility_id": 1, "staff_name": 1, "product_name": 1, "today_done_num": 12, "qualified_num": 12}}, {"model": "facility.facility", "pk": 1, "fields": {"version": "1", "facility_name": "\u5207\u5272\u673a", "price": 10, "buyer": 3, "buy_time": "2019-06-05"}}, {"model": "facility.facility", "pk": 3, "fields": {"version": "1", "facility_name": "\u6a21\u578b\u673a", "price": 10, "buyer": 3, "buy_time": "2019-06-05"}}, {"model": "facility.maintain", "pk": 1, "fields": {"facility_id": 1, "last_time": "2019-06-05", "staff_name": 3, "complmentary": "\u6b63\u5e38"}}, {"model": "facility.repair", "pk": 9, "fields": {"facility_id": 1, "baoxiu_staff_name": 3, "baoxiu_staff_tel": "13121213113", "baoxiu_time": "2019-06-05", "baoxiu_complementary": "\u6d4b\u8bd51", "repair_staff_name": 3, "repair_time": "2019-06-05"}}, {"model": "facility.repair", "pk": 10, "fields": {"facility_id": 3, "baoxiu_staff_name": 3, "baoxiu_staff_tel": "13121213113", "baoxiu_time": "2019-06-05", "baoxiu_complementary": "\u6d4b\u8bd52", "repair_staff_name": 3, "repair_time": "2019-06-05"}}, {"model": "facility.repair", "pk": 11, "fields": {"facility_id": 1, "baoxiu_staff_name": 3, "baoxiu_staff_tel": "13121213113", "baoxiu_time": "2019-06-05", "baoxiu_complementary": "\u6d4b\u8bd53", "repair_staff_name": null, "repair_time": "2019-06-05"}}, {"model": "notice.notice", "pk": 1, "fields": {"title": "\u7aef\u5348\u8282\u653e\u5047\u901a\u77e5", "author": null, "created_time": "2019-06-02", "content": "\u8bfa\u767e\u7279\u81ea\u52a8\u5316\u5de5\u8d44\u7aef\u5348\u8282\u653e\u5047\u901a\u77e5\uff1a\r\n                 \u7aef\u5348\u82826\u67087\u53f7\u653e\u5047\u4e00\u5929"}}, {"model": "notice.notice", "pk": 2, "fields": {"title": "\u4e94\u6708\u4efd\u5de5\u8d44\u53d1\u653e \u901a\u77e5", "author": null, "created_time": "2019-06-02", "content": "\u5404\u4f4d\u540c\u4e8b\u60a8\u597d\uff1a\r\n       \u4e94\u6708\u4efd\u5de5\u8d44\u5df2\u7ecf\u53d1\u653e\uff0c\u8bf7\u67e5\u6536\uff0c\u82e5\u6709\u95ee\u9898\u8bf7\u5c3d\u5feb\u548c\u8d22\u52a1\u4eba\u5458\u8054\u7cfb"}}, {"model": "notice.notice", "pk": 3, "fields": {"title": "\u6731\u81ea\u6e05\u7684\u80cc\u5f71", "author": 3, "created_time": "2019-06-04", "content": "\u6211\u4e0e\u7236\u4eb2\u4e0d\u76f8\u89c1\u5df2\u4e8c\u5e74\u4f59\u4e86\uff0c\u6211\u6700\u4e0d\u80fd\u5fd8\u8bb0\u7684\u662f\u4ed6\u7684\u80cc\u5f71\u3002\r\n\u90a3\u5e74\u51ac\u5929\uff0c\u7956\u6bcd\u6b7b\u4e86\uff0c\u7236\u4eb2\u7684\u5dee\u4f7f1\u4e5f\u4ea4\u5378\u4e86\uff0c\u6b63\u662f\u7978\u4e0d\u5355\u884c\u7684\u65e5\u5b50\u3002\u6211\u4ece\u5317\u4eac\u5230\u5f90\u5dde\uff0c\u6253\u7b97\u8ddf\u7740\u7236\u4eb2\u5954\u4e272\u56de\u5bb6\u3002\u5230\u5f90\u5dde\u89c1\u7740\u7236\u4eb2\uff0c\u770b\u89c1\u6ee1\u9662\u72fc\u85c93\u7684\u4e1c\u897f\uff0c\u53c8\u60f3\u8d77\u7956\u6bcd\uff0c\u4e0d\u7981\u7c0c\u7c0c\u5730\u6d41\u4e0b\u773c\u6cea\u3002\u7236\u4eb2\u8bf4\uff1a\u201c\u4e8b\u5df2\u5982\u6b64\uff0c\u4e0d\u5fc5\u96be\u8fc7\uff0c\u597d\u5728\u5929\u65e0\u7edd\u4eba\u4e4b\u8def\uff01\u201d\r\n\u56de\u5bb6\u53d8\u5356\u5178\u8d284\uff0c\u7236\u4eb2\u8fd8\u4e86\u4e8f\u7a7a\uff1b\u53c8\u501f\u94b1\u529e\u4e86\u4e27\u4e8b\u3002\u8fd9\u4e9b\u65e5\u5b50\uff0c\u5bb6\u4e2d\u5149\u666f5\u5f88\u662f\u60e8\u6fb9\uff0c\u4e00\u534a\u4e3a\u4e86\u4e27\u4e8b\uff0c\u4e00\u534a\u4e3a\u4e86\u7236\u4eb2\u8d4b\u95f26\u3002\u4e27\u4e8b\u5b8c\u6bd5\uff0c\u7236\u4eb2\u8981\u5230\u5357\u4eac\u8c0b\u4e8b\uff0c\u6211\u4e5f\u8981\u56de\u5317\u4eac\u5ff5\u4e66\uff0c\u6211\u4eec\u4fbf\u540c\u884c\u3002\r\n\u5230\u5357\u4eac\u65f6\uff0c\u6709\u670b\u53cb\u7ea6\u53bb\u6e38\u901b\uff0c\u52fe\u75597\u4e86\u4e00\u65e5\uff1b\u7b2c\u4e8c\u65e5\u4e0a\u5348\u4fbf\u987b\u6e21\u6c5f\u5230\u6d66\u53e3\uff0c\u4e0b\u5348\u4e0a\u8f66\u5317\u53bb\u3002\u7236\u4eb2\u56e0\u4e3a\u4e8b\u5fd9\uff0c\u672c\u5df2\u8bf4\u5b9a\u4e0d\u9001\u6211\uff0c\u53eb\u65c5\u9986\u91cc\u4e00\u4e2a\u719f\u8bc6\u7684\u8336\u623f8\u966a\u6211\u540c\u53bb\u3002\u4ed6\u518d\u4e09\u5631\u5490\u8336\u623f\uff0c\u751a\u662f\u4ed4\u7ec6\u3002\u4f46\u4ed6\u7ec8\u4e8e\u4e0d\u653e\u5fc3\uff0c\u6015\u8336\u623f\u4e0d\u59a5\u5e169\uff1b\u9887\u8e0c\u8e8710\u4e86\u4e00\u4f1a\u3002\u5176\u5b9e\u6211\u90a3\u5e74\u5df2\u4e8c\u5341\u5c81\uff0c\u5317\u4eac\u5df2\u6765\u5f80\u8fc7\u4e24\u4e09\u6b21\uff0c\u662f\u6ca1\u6709\u4ec0\u4e48\u8981\u7d27\u7684\u4e86\u3002\u4ed6\u8e0c\u8e87\u4e86\u4e00\u4f1a\uff0c\u7ec8\u4e8e\u51b3\u5b9a\u8fd8\u662f\u81ea\u5df1\u9001\u6211\u53bb\u3002\u6211\u518d\u4e09\u529d\u4ed6\u4e0d\u5fc5\u53bb\uff1b\u4ed6\u53ea\u8bf4\uff1a\u201c\u4e0d\u8981\u7d27\uff0c\u4ed6\u4eec\u53bb\u4e0d\u597d\uff01\u201d\r\n\u6211\u4eec\u8fc7\u4e86\u6c5f\uff0c\u8fdb\u4e86\u8f66\u7ad9\u3002\u6211\u4e70\u7968\uff0c\u4ed6\u5fd9\u7740\u7167\u770b\u884c\u674e\u3002\u884c\u674e\u592a\u591a\uff0c\u5f97\u5411\u811a\u592b11\u884c\u4e9b\u5c0f\u8d39\u624d\u53ef\u8fc7\u53bb\u3002\u4ed6\u4fbf\u53c8\u5fd9\u7740\u548c\u4ed6\u4eec\u8bb2\u4ef7\u94b1\u3002\u6211\u90a3\u65f6\u771f\u662f\u806a\u660e\u8fc7\u5206\uff0c\u603b\u89c9\u4ed6\u8bf4\u8bdd\u4e0d\u5927\u6f02\u4eae\uff0c\u975e\u81ea\u5df1\u63d2\u5634\u4e0d\u53ef\uff0c\u4f46\u4ed6\u7ec8\u4e8e\u8bb2\u5b9a\u4e86\u4ef7\u94b1\uff1b\u5c31\u9001\u6211\u4e0a\u8f66\u3002\u4ed6\u7ed9\u6211\u62e3\u5b9a\u4e86\u9760\u8f66\u95e8\u7684\u4e00\u5f20\u6905\u5b50\uff1b\u6211\u5c06\u4ed6\u7ed9\u6211\u505a\u7684\u7d2b\u6bdb\u5927\u8863\u94fa\u597d\u5ea7\u4f4d\u3002\u4ed6\u5631\u6211\u8def\u4e0a\u5c0f\u5fc3\uff0c\u591c\u91cc\u8981\u8b66\u9192\u4e9b\uff0c\u4e0d\u8981\u53d7\u51c9\u3002\u53c8\u5631\u6258\u8336\u623f\u597d\u597d\u7167\u5e94\u6211\u3002\u6211\u5fc3\u91cc\u6697\u7b11\u4ed6\u7684\u8fc2\uff1b\u4ed6\u4eec\u53ea\u8ba4\u5f97\u94b1\uff0c\u6258\u4ed6\u4eec\u53ea\u662f\u767d\u6258\uff01\u800c\u4e14\u6211\u8fd9\u6837\u5927\u5e74\u7eaa\u7684\u4eba\uff0c\u96be\u9053\u8fd8\u4e0d\u80fd\u6599\u7406\u81ea\u5df1\u4e48\uff1f\u6211\u73b0\u5728\u60f3\u60f3\uff0c\u6211\u90a3\u65f6\u771f\u662f\u592a\u806a\u660e\u4e86\u3002\r\n\u6211\u8bf4\u9053\uff1a\u201c\u7238\u7238\uff0c\u4f60\u8d70\u5427\u3002\u201d\u4ed6\u671b\u8f66\u5916\u770b\u4e86\u770b\uff0c\u8bf4\uff1a\u201c\u6211\u4e70\u51e0\u4e2a\u6a58\u5b50\u53bb\u3002\u4f60\u5c31\u5728\u6b64\u5730\uff0c\u4e0d\u8981\u8d70\u52a8\u3002\u201d\u6211\u770b\u90a3\u8fb9\u6708\u53f0\u7684\u6805\u680f\u5916\u6709\u51e0\u4e2a\u5356\u4e1c\u897f\u7684\u7b49\u7740\u987e\u5ba2\u3002\u8d70\u5230\u90a3\u8fb9\u6708\u53f0\uff0c\u987b\u7a7f\u8fc7\u94c1\u9053\uff0c\u987b\u8df3\u4e0b\u53bb\u53c8\u722c\u4e0a\u53bb\u3002\u7236\u4eb2\u662f\u4e00\u4e2a\u80d6\u5b50\uff0c\u8d70\u8fc7\u53bb\u81ea\u7136\u8981\u8d39\u4e8b\u4e9b\u3002\u6211\u672c\u6765\u8981\u53bb\u7684\uff0c\u4ed6\u4e0d\u80af\uff0c\u53ea\u597d\u8ba9\u4ed6\u53bb\u3002\u6211\u770b\u89c1\u4ed6\u6234\u7740\u9ed1\u5e03\u5c0f\u5e3d\uff0c\u7a7f\u7740\u9ed1\u5e03\u5927\u9a6c\u890212\uff0c\u6df1\u9752\u5e03\u68c9\u888d\uff0c\u8e52\u8dda13\u5730\u8d70\u5230\u94c1\u9053\u8fb9\uff0c\u6162\u6162\u63a2\u8eab\u4e0b\u53bb\uff0c\u5c1a\u4e0d\u5927\u96be\u3002\u53ef\u662f\u4ed6\u7a7f\u8fc7\u94c1\u9053\uff0c\u8981\u722c\u4e0a\u90a3\u8fb9\u6708\u53f0\uff0c\u5c31\u4e0d\u5bb9\u6613\u4e86\u3002\u4ed6\u7528\u4e24\u624b\u6500\u7740\u4e0a\u9762\uff0c\u4e24\u811a\u518d\u5411\u4e0a\u7f29\uff1b\u4ed6\u80a5\u80d6\u7684\u8eab\u5b50\u5411\u5de6\u5fae\u503e\uff0c\u663e\u51fa\u52aa\u529b\u7684\u6837\u5b50\u3002\u8fd9\u65f6\u6211\u770b\u89c1\u4ed6\u7684\u80cc\u5f71\uff0c\u6211\u7684\u6cea\u5f88\u5feb\u5730\u6d41\u4e0b\u6765\u4e86\u3002\u6211\u8d76\u7d27\u62ed\u5e72\u4e86\u6cea\u3002\u6015\u4ed6\u770b\u89c1\uff0c\u4e5f\u6015\u522b\u4eba\u770b\u89c1\u3002\u6211\u518d\u5411\u5916\u770b\u65f6\uff0c\u4ed6\u5df2\u62b1\u4e86\u6731\u7ea2\u7684\u6a58\u5b50\u5f80\u56de\u8d70\u4e86\u3002\u8fc7\u94c1\u9053\u65f6\uff0c\u4ed6\u5148\u5c06\u6a58\u5b50\u6563\u653e\u5728\u5730\u4e0a\uff0c\u81ea\u5df1\u6162\u6162\u722c\u4e0b\uff0c\u518d\u62b1\u8d77\u6a58\u5b50\u8d70\u3002\u5230\u8fd9\u8fb9\u65f6\uff0c\u6211\u8d76\u7d27\u53bb\u6400\u4ed6\u3002\u4ed6\u548c\u6211\u8d70\u5230\u8f66\u4e0a\uff0c\u5c06\u6a58\u5b50\u4e00\u80a1\u8111\u513f\u653e\u5728\u6211\u7684\u76ae\u5927\u8863\u4e0a\u3002\u4e8e\u662f\u6251\u6251\u8863\u4e0a\u7684\u6ce5\u571f\uff0c\u5fc3\u91cc\u5f88\u8f7b\u677e\u4f3c\u7684\u3002\u8fc7\u4e00\u4f1a\u513f\u8bf4\uff1a\u201c\u6211\u8d70\u4e86\uff0c\u5230\u90a3\u8fb9\u6765\u4fe1\uff01\u201d\u6211\u671b\u7740\u4ed6\u8d70\u51fa\u53bb\u3002\u4ed6\u8d70\u4e86\u51e0\u6b65\uff0c\u56de\u8fc7\u5934\u770b\u89c1\u6211\uff0c\u8bf4\uff1a\u201c\u8fdb\u53bb\u5427\uff0c\u91cc\u8fb9\u6ca1\u4eba\u3002\u201d\u7b49\u4ed6\u7684\u80cc\u5f71\u6df7\u5165\u6765\u6765\u5f80\u5f80\u7684\u4eba\u91cc\uff0c\u518d\u627e\u4e0d\u7740\u4e86\uff0c\u6211\u4fbf\u8fdb\u6765\u5750\u4e0b\uff0c\u6211\u7684\u773c\u6cea\u53c8\u6765\u4e86\u3002\r\n\u8fd1\u51e0\u5e74\u6765\uff0c\u7236\u4eb2\u548c\u6211\u90fd\u662f\u4e1c\u5954\u897f\u8d70\uff0c\u5bb6\u4e2d\u5149\u666f\u662f\u4e00\u65e5\u4e0d\u5982\u4e00\u65e5\u3002\u4ed6\u5c11\u5e74\u51fa\u5916\u8c0b\u751f\uff0c\u72ec\u529b\u652f\u6301\uff0c\u505a\u4e86\u8bb8\u591a\u5927\u4e8b\u3002\u54ea\u77e5\u8001\u5883\u5374\u5982\u6b64\u9893\u5510\uff01\u4ed6\u89e6\u76ee\u4f24\u6000\uff0c\u81ea\u7136\u60c5\u4e0d\u80fd\u81ea\u5df2\u3002\u60c5\u90c1\u4e8e\u4e2d\uff0c\u81ea\u7136\u8981\u53d1\u4e4b\u4e8e\u5916\uff1b\u5bb6\u5ead\u7410\u5c51\u4fbf\u5f80\u5f80\u89e6\u4ed6\u4e4b\u6012\u3002\u4ed6\u5f85\u6211\u6e10\u6e10\u4e0d\u540c\u5f80\u65e5\u3002\u4f46\u6700\u8fd1\u4e24\u5e74\u4e0d\u89c1\uff0c\u4ed6\u7ec8\u4e8e\u5fd8\u5374\u6211\u7684\u4e0d\u597d\uff0c\u53ea\u662f\u60e6\u8bb0\u7740\u6211\uff0c\u60e6\u8bb0\u7740\u4ed6\u7684\u513f\u5b50\u3002\u6211\u5317\u6765\u540e\uff0c\u4ed6\u5199\u4e86\u4e00\u4fe1\u7ed9\u6211\uff0c\u4fe1\u4e2d\u8bf4\u9053\uff1a\u201c\u6211\u8eab\u4f53\u5e73\u5b89\uff0c\u60df\u8180\u5b50\u75bc\u75db\u5389\u5bb3\uff0c\u4e3e\u7bb814\u63d0\u7b14\uff0c\u8bf8\u591a\u4e0d\u4fbf\uff0c\u5927\u7ea6\u5927\u53bb\u4e4b\u671f15\u4e0d\u8fdc\u77e3\u3002\u201d\u6211\u8bfb\u5230\u6b64\u5904\uff0c\u5728\u6676\u83b9\u7684\u6cea\u5149\u4e2d\uff0c\u53c8\u770b\u89c1\u90a3\u80a5\u80d6\u7684\u3001\u9752\u5e03\u68c9\u888d\u9ed1\u5e03\u9a6c\u8902\u7684\u80cc\u5f71\u3002\u5509\uff01\u6211\u4e0d\u77e5\u4f55\u65f6\u518d\u80fd\u4e0e\u4ed6\u76f8\u89c1\uff01 [2]\r\n\u6211\u4e0e\u7236\u4eb2\u4e0d\u76f8\u89c1\u5df2\u4e8c\u5e74\u4f59\u4e86\uff0c\u6211\u6700\u4e0d\u80fd\u5fd8\u8bb0\u7684\u662f\u4ed6\u7684\u80cc\u5f71\u3002\r\n\u90a3\u5e74\u51ac\u5929\uff0c\u7956\u6bcd\u6b7b\u4e86\uff0c\u7236\u4eb2\u7684\u5dee\u4f7f1\u4e5f\u4ea4\u5378\u4e86\uff0c\u6b63\u662f\u7978\u4e0d\u5355\u884c\u7684\u65e5\u5b50\u3002\u6211\u4ece\u5317\u4eac\u5230\u5f90\u5dde\uff0c\u6253\u7b97\u8ddf\u7740\u7236\u4eb2\u5954\u4e272\u56de\u5bb6\u3002\u5230\u5f90\u5dde\u89c1\u7740\u7236\u4eb2\uff0c\u770b\u89c1\u6ee1\u9662\u72fc\u85c93\u7684\u4e1c\u897f\uff0c\u53c8\u60f3\u8d77\u7956\u6bcd\uff0c\u4e0d\u7981\u7c0c\u7c0c\u5730\u6d41\u4e0b\u773c\u6cea\u3002\u7236\u4eb2\u8bf4\uff1a\u201c\u4e8b\u5df2\u5982\u6b64\uff0c\u4e0d\u5fc5\u96be\u8fc7\uff0c\u597d\u5728\u5929\u65e0\u7edd\u4eba\u4e4b\u8def\uff01\u201d\r\n\u56de\u5bb6\u53d8\u5356\u5178\u8d284\uff0c\u7236\u4eb2\u8fd8\u4e86\u4e8f\u7a7a\uff1b\u53c8\u501f\u94b1\u529e\u4e86\u4e27\u4e8b\u3002\u8fd9\u4e9b\u65e5\u5b50\uff0c\u5bb6\u4e2d\u5149\u666f5\u5f88\u662f\u60e8\u6fb9\uff0c\u4e00\u534a\u4e3a\u4e86\u4e27\u4e8b\uff0c\u4e00\u534a\u4e3a\u4e86\u7236\u4eb2\u8d4b\u95f26\u3002\u4e27\u4e8b\u5b8c\u6bd5\uff0c\u7236\u4eb2\u8981\u5230\u5357\u4eac\u8c0b\u4e8b\uff0c\u6211\u4e5f\u8981\u56de\u5317\u4eac\u5ff5\u4e66\uff0c\u6211\u4eec\u4fbf\u540c\u884c\u3002\r\n\u5230\u5357\u4eac\u65f6\uff0c\u6709\u670b\u53cb\u7ea6\u53bb\u6e38\u901b\uff0c\u52fe\u75597\u4e86\u4e00\u65e5\uff1b\u7b2c\u4e8c\u65e5\u4e0a\u5348\u4fbf\u987b\u6e21\u6c5f\u5230\u6d66\u53e3\uff0c\u4e0b\u5348\u4e0a\u8f66\u5317\u53bb\u3002\u7236\u4eb2\u56e0\u4e3a\u4e8b\u5fd9\uff0c\u672c\u5df2\u8bf4\u5b9a\u4e0d\u9001\u6211\uff0c\u53eb\u65c5\u9986\u91cc\u4e00\u4e2a\u719f\u8bc6\u7684\u8336\u623f8\u966a\u6211\u540c\u53bb\u3002\u4ed6\u518d\u4e09\u5631\u5490\u8336\u623f\uff0c\u751a\u662f\u4ed4\u7ec6\u3002\u4f46\u4ed6\u7ec8\u4e8e\u4e0d\u653e\u5fc3\uff0c\u6015\u8336\u623f\u4e0d\u59a5\u5e169\uff1b\u9887\u8e0c\u8e8710\u4e86\u4e00\u4f1a\u3002\u5176\u5b9e\u6211\u90a3\u5e74\u5df2\u4e8c\u5341\u5c81\uff0c\u5317\u4eac\u5df2\u6765\u5f80\u8fc7\u4e24\u4e09\u6b21\uff0c\u662f\u6ca1\u6709\u4ec0\u4e48\u8981\u7d27\u7684\u4e86\u3002\u4ed6\u8e0c\u8e87\u4e86\u4e00\u4f1a\uff0c\u7ec8\u4e8e\u51b3\u5b9a\u8fd8\u662f\u81ea\u5df1\u9001\u6211\u53bb\u3002\u6211\u518d\u4e09\u529d\u4ed6\u4e0d\u5fc5\u53bb\uff1b\u4ed6\u53ea\u8bf4\uff1a\u201c\u4e0d\u8981\u7d27\uff0c\u4ed6\u4eec\u53bb\u4e0d\u597d\uff01\u201d\r\n\u6211\u4eec\u8fc7\u4e86\u6c5f\uff0c\u8fdb\u4e86\u8f66\u7ad9\u3002\u6211\u4e70\u7968\uff0c\u4ed6\u5fd9\u7740\u7167\u770b\u884c\u674e\u3002\u884c\u674e\u592a\u591a\uff0c\u5f97\u5411\u811a\u592b11\u884c\u4e9b\u5c0f\u8d39\u624d\u53ef\u8fc7\u53bb\u3002\u4ed6\u4fbf\u53c8\u5fd9\u7740\u548c\u4ed6\u4eec\u8bb2\u4ef7\u94b1\u3002\u6211\u90a3\u65f6\u771f\u662f\u806a\u660e\u8fc7\u5206\uff0c\u603b\u89c9\u4ed6\u8bf4\u8bdd\u4e0d\u5927\u6f02\u4eae\uff0c\u975e\u81ea\u5df1\u63d2\u5634\u4e0d\u53ef\uff0c\u4f46\u4ed6\u7ec8\u4e8e\u8bb2\u5b9a\u4e86\u4ef7\u94b1\uff1b\u5c31\u9001\u6211\u4e0a\u8f66\u3002\u4ed6\u7ed9\u6211\u62e3\u5b9a\u4e86\u9760\u8f66\u95e8\u7684\u4e00\u5f20\u6905\u5b50\uff1b\u6211\u5c06\u4ed6\u7ed9\u6211\u505a\u7684\u7d2b\u6bdb\u5927\u8863\u94fa\u597d\u5ea7\u4f4d\u3002\u4ed6\u5631\u6211\u8def\u4e0a\u5c0f\u5fc3\uff0c\u591c\u91cc\u8981\u8b66\u9192\u4e9b\uff0c\u4e0d\u8981\u53d7\u51c9\u3002\u53c8\u5631\u6258\u8336\u623f\u597d\u597d\u7167\u5e94\u6211\u3002\u6211\u5fc3\u91cc\u6697\u7b11\u4ed6\u7684\u8fc2\uff1b\u4ed6\u4eec\u53ea\u8ba4\u5f97\u94b1\uff0c\u6258\u4ed6\u4eec\u53ea\u662f\u767d\u6258\uff01\u800c\u4e14\u6211\u8fd9\u6837\u5927\u5e74\u7eaa\u7684\u4eba\uff0c\u96be\u9053\u8fd8\u4e0d\u80fd\u6599\u7406\u81ea\u5df1\u4e48\uff1f\u6211\u73b0\u5728\u60f3\u60f3\uff0c\u6211\u90a3\u65f6\u771f\u662f\u592a\u806a\u660e\u4e86\u3002\r\n\u6211\u8bf4\u9053\uff1a\u201c\u7238\u7238\uff0c\u4f60\u8d70\u5427\u3002\u201d\u4ed6\u671b\u8f66\u5916\u770b\u4e86\u770b\uff0c\u8bf4\uff1a\u201c\u6211\u4e70\u51e0\u4e2a\u6a58\u5b50\u53bb\u3002\u4f60\u5c31\u5728\u6b64\u5730\uff0c\u4e0d\u8981\u8d70\u52a8\u3002\u201d\u6211\u770b\u90a3\u8fb9\u6708\u53f0\u7684\u6805\u680f\u5916\u6709\u51e0\u4e2a\u5356\u4e1c\u897f\u7684\u7b49\u7740\u987e\u5ba2\u3002\u8d70\u5230\u90a3\u8fb9\u6708\u53f0\uff0c\u987b\u7a7f\u8fc7\u94c1\u9053\uff0c\u987b\u8df3\u4e0b\u53bb\u53c8\u722c\u4e0a\u53bb\u3002\u7236\u4eb2\u662f\u4e00\u4e2a\u80d6\u5b50\uff0c\u8d70\u8fc7\u53bb\u81ea\u7136\u8981\u8d39\u4e8b\u4e9b\u3002\u6211\u672c\u6765\u8981\u53bb\u7684\uff0c\u4ed6\u4e0d\u80af\uff0c\u53ea\u597d\u8ba9\u4ed6\u53bb\u3002\u6211\u770b\u89c1\u4ed6\u6234\u7740\u9ed1\u5e03\u5c0f\u5e3d\uff0c\u7a7f\u7740\u9ed1\u5e03\u5927\u9a6c\u890212\uff0c\u6df1\u9752\u5e03\u68c9\u888d\uff0c\u8e52\u8dda13\u5730\u8d70\u5230\u94c1\u9053\u8fb9\uff0c\u6162\u6162\u63a2\u8eab\u4e0b\u53bb\uff0c\u5c1a\u4e0d\u5927\u96be\u3002\u53ef\u662f\u4ed6\u7a7f\u8fc7\u94c1\u9053\uff0c\u8981\u722c\u4e0a\u90a3\u8fb9\u6708\u53f0\uff0c\u5c31\u4e0d\u5bb9\u6613\u4e86\u3002\u4ed6\u7528\u4e24\u624b\u6500\u7740\u4e0a\u9762\uff0c\u4e24\u811a\u518d\u5411\u4e0a\u7f29\uff1b\u4ed6\u80a5\u80d6\u7684\u8eab\u5b50\u5411\u5de6\u5fae\u503e\uff0c\u663e\u51fa\u52aa\u529b\u7684\u6837\u5b50\u3002\u8fd9\u65f6\u6211\u770b\u89c1\u4ed6\u7684\u80cc\u5f71\uff0c\u6211\u7684\u6cea\u5f88\u5feb\u5730\u6d41\u4e0b\u6765\u4e86\u3002\u6211\u8d76\u7d27\u62ed\u5e72\u4e86\u6cea\u3002\u6015\u4ed6\u770b\u89c1\uff0c\u4e5f\u6015\u522b\u4eba\u770b\u89c1\u3002\u6211\u518d\u5411\u5916\u770b\u65f6\uff0c\u4ed6\u5df2\u62b1\u4e86\u6731\u7ea2\u7684\u6a58\u5b50\u5f80\u56de\u8d70\u4e86\u3002\u8fc7\u94c1\u9053\u65f6\uff0c\u4ed6\u5148\u5c06\u6a58\u5b50\u6563\u653e\u5728\u5730\u4e0a\uff0c\u81ea\u5df1\u6162\u6162\u722c\u4e0b\uff0c\u518d\u62b1\u8d77\u6a58\u5b50\u8d70\u3002\u5230\u8fd9\u8fb9\u65f6\uff0c\u6211\u8d76\u7d27\u53bb\u6400\u4ed6\u3002\u4ed6\u548c\u6211\u8d70\u5230\u8f66\u4e0a\uff0c\u5c06\u6a58\u5b50\u4e00\u80a1\u8111\u513f\u653e\u5728\u6211\u7684\u76ae\u5927\u8863\u4e0a\u3002\u4e8e\u662f\u6251\u6251\u8863\u4e0a\u7684\u6ce5\u571f\uff0c\u5fc3\u91cc\u5f88\u8f7b\u677e\u4f3c\u7684\u3002\u8fc7\u4e00\u4f1a\u513f\u8bf4\uff1a\u201c\u6211\u8d70\u4e86\uff0c\u5230\u90a3\u8fb9\u6765\u4fe1\uff01\u201d\u6211\u671b\u7740\u4ed6\u8d70\u51fa\u53bb\u3002\u4ed6\u8d70\u4e86\u51e0\u6b65\uff0c\u56de\u8fc7\u5934\u770b\u89c1\u6211\uff0c\u8bf4\uff1a\u201c\u8fdb\u53bb\u5427\uff0c\u91cc\u8fb9\u6ca1\u4eba\u3002\u201d\u7b49\u4ed6\u7684\u80cc\u5f71\u6df7\u5165\u6765\u6765\u5f80\u5f80\u7684\u4eba\u91cc\uff0c\u518d\u627e\u4e0d\u7740\u4e86\uff0c\u6211\u4fbf\u8fdb\u6765\u5750\u4e0b\uff0c\u6211\u7684\u773c\u6cea\u53c8\u6765\u4e86\u3002\r\n\u8fd1\u51e0\u5e74\u6765\uff0c\u7236\u4eb2\u548c\u6211\u90fd\u662f\u4e1c\u5954\u897f\u8d70\uff0c\u5bb6\u4e2d\u5149\u666f\u662f\u4e00\u65e5\u4e0d\u5982\u4e00\u65e5\u3002\u4ed6\u5c11\u5e74\u51fa\u5916\u8c0b\u751f\uff0c\u72ec\u529b\u652f\u6301\uff0c\u505a\u4e86\u8bb8\u591a\u5927\u4e8b\u3002\u54ea\u77e5\u8001\u5883\u5374\u5982\u6b64\u9893\u5510\uff01\u4ed6\u89e6\u76ee\u4f24\u6000\uff0c\u81ea\u7136\u60c5\u4e0d\u80fd\u81ea\u5df2\u3002\u60c5\u90c1\u4e8e\u4e2d\uff0c\u81ea\u7136\u8981\u53d1\u4e4b\u4e8e\u5916\uff1b\u5bb6\u5ead\u7410\u5c51\u4fbf\u5f80\u5f80\u89e6\u4ed6\u4e4b\u6012\u3002\u4ed6\u5f85\u6211\u6e10\u6e10\u4e0d\u540c\u5f80\u65e5\u3002\u4f46\u6700\u8fd1\u4e24\u5e74\u4e0d\u89c1\uff0c\u4ed6\u7ec8\u4e8e\u5fd8\u5374\u6211\u7684\u4e0d\u597d\uff0c\u53ea\u662f\u60e6\u8bb0\u7740\u6211\uff0c\u60e6\u8bb0\u7740\u4ed6\u7684\u513f\u5b50\u3002\u6211\u5317\u6765\u540e\uff0c\u4ed6\u5199\u4e86\u4e00\u4fe1\u7ed9\u6211\uff0c\u4fe1\u4e2d\u8bf4\u9053\uff1a\u201c\u6211\u8eab\u4f53\u5e73\u5b89\uff0c\u60df\u8180\u5b50\u75bc\u75db\u5389\u5bb3\uff0c\u4e3e\u7bb814\u63d0\u7b14\uff0c\u8bf8\u591a\u4e0d\u4fbf\uff0c\u5927\u7ea6\u5927\u53bb\u4e4b\u671f15\u4e0d\u8fdc\u77e3\u3002\u201d\u6211\u8bfb\u5230\u6b64\u5904\uff0c\u5728\u6676\u83b9\u7684\u6cea\u5149\u4e2d\uff0c\u53c8\u770b\u89c1\u90a3\u80a5\u80d6\u7684\u3001\u9752\u5e03\u68c9\u888d\u9ed1\u5e03\u9a6c\u8902\u7684\u80cc\u5f71\u3002\u5509\uff01\u6211\u4e0d\u77e5\u4f55\u65f6\u518d\u80fd\u4e0e\u4ed6\u76f8\u89c1\uff01 [2]"}}, {"model": "admin.logentry", "pk": 1, "fields": {"action_time": "2019-05-22T10:59:44.813Z", "user": 1, "content_type": 15, "object_id": "1", "object_repr": "Staff object (1)", "action_flag": 1, "change_message": "[{\"added\": {}}]"}}, {"model": "admin.logentry", "pk": 2, "fields": {"action_time": "2019-05-22T10:59:53.434Z", "user": 1, "content_type": 15, "object_id": "1", "object_repr": "Staff object (1)", "action_flag": 3, "change_message": ""}}, {"model": "admin.logentry", "pk": 3, "fields": {"action_time": "2019-05-22T11:05:11.895Z", "user": 1, "content_type": 15, "object_id": "1", "object_repr": "Staff object (1)", "action_flag": 1, "change_message": "[{\"added\": {}}]"}}, {"model": "admin.logentry", "pk": 4, "fields": {"action_time": "2019-05-22T11:06:33.510Z", "user": 1, "content_type": 15, "object_id": "2", "object_repr": "Staff object (2)", "action_flag": 1, "change_message": "[{\"added\": {}}]"}}, {"model": "admin.logentry", "pk": 5, "fields": {"action_time": "2019-05-27T14:58:49.090Z", "user": 3, "content_type": 17, "object_id": "1", "object_repr": "<Profile: nbt for 12>", "action_flag": 1, "change_message": "[{\"added\": {}}]"}}, {"model": "admin.logentry", "pk": 6, "fields": {"action_time": "2019-05-27T15:40:57.852Z", "user": 3, "content_type": 4, "object_id": "4", "object_repr": "qianyi", "action_flag": 1, "change_message": "[{\"added\": {}}, {\"added\": {\"name\": \"profile\", \"object\": \"<Profile: qianyi for 25>\"}}]"}}, {"model": "admin.logentry", "pk": 7, "fields": {"action_time": "2019-05-27T15:42:17.934Z", "user": 3, "content_type": 4, "object_id": "4", "object_repr": "qianyi", "action_flag": 2, "change_message": "[{\"changed\": {\"fields\": [\"is_staff\", \"last_login\"]}}]"}}, {"model": "admin.logentry", "pk": 8, "fields": {"action_time": "2019-05-28T05:37:25.266Z", "user": 3, "content_type": 18, "object_id": "1", "object_repr": "Orders object (1)", "action_flag": 1, "change_message": "[{\"added\": {}}]"}}, {"model": "admin.logentry", "pk": 9, "fields": {"action_time": "2019-05-28T05:51:47.204Z", "user": 3, "content_type": 18, "object_id": "1", "object_repr": "Orders object (1)", "action_flag": 3, "change_message": ""}}, {"model": "admin.logentry", "pk": 10, "fields": {"action_time": "2019-05-28T05:52:24.015Z", "user": 3, "content_type": 18, "object_id": "2", "object_repr": "Orders object (2)", "action_flag": 1, "change_message": "[{\"added\": {}}]"}}, {"model": "admin.logentry", "pk": 11, "fields": {"action_time": "2019-05-28T06:56:19.138Z", "user": 3, "content_type": 19, "object_id": "1", "object_repr": "Warehouse object (1)", "action_flag": 1, "change_message": "[{\"added\": {}}]"}}, {"model": "admin.logentry", "pk": 12, "fields": {"action_time": "2019-05-28T07:22:33.596Z", "user": 3, "content_type": 20, "object_id": "1", "object_repr": "PurchaseList object (1)", "action_flag": 1, "change_message": "[{\"added\": {}}]"}}, {"model": "admin.logentry", "pk": 13, "fields": {"action_time": "2019-05-28T09:02:33.551Z", "user": 3, "content_type": 22, "object_id": "1", "object_repr": "Facility object (1)", "action_flag": 1, "change_message": "[{\"added\": {}}]"}}, {"model": "admin.logentry", "pk": 14, "fields": {"action_time": "2019-05-28T09:03:33.594Z", "user": 3, "content_type": 22, "object_id": "2", "object_repr": "Facility object (2)", "action_flag": 1, "change_message": "[{\"added\": {}}]"}}, {"model": "admin.logentry", "pk": 15, "fields": {"action_time": "2019-05-28T09:35:46.182Z", "user": 3, "content_type": 25, "object_id": "1", "object_repr": "Baoxiu object (1)", "action_flag": 1, "change_message": "[{\"added\": {}}]"}}, {"model": "admin.logentry", "pk": 16, "fields": {"action_time": "2019-05-28T09:36:54.293Z", "user": 3, "content_type": 4, "object_id": "5", "object_repr": "\u5b59\u4e00", "action_flag": 1, "change_message": "[{\"added\": {}}, {\"added\": {\"name\": \"profile\", \"object\": \"<Profile: \\u5b59\\u4e00 for 23>\"}}]"}}, {"model": "admin.logentry", "pk": 17, "fields": {"action_time": "2019-05-28T09:37:26.985Z", "user": 3, "content_type": 4, "object_id": "5", "object_repr": "\u5b59\u4e00", "action_flag": 2, "change_message": "[{\"changed\": {\"fields\": [\"is_staff\"]}}]"}}, {"model": "admin.logentry", "pk": 18, "fields": {"action_time": "2019-05-28T11:14:14.737Z", "user": 3, "content_type": 28, "object_id": "1", "object_repr": "PurchaseListApply object (1)", "action_flag": 1, "change_message": "[{\"added\": {}}]"}}, {"model": "admin.logentry", "pk": 19, "fields": {"action_time": "2019-05-28T11:21:44.029Z", "user": 3, "content_type": 29, "object_id": "1", "object_repr": "PurchaseListSanction object (1)", "action_flag": 1, "change_message": "[{\"added\": {}}]"}}, {"model": "admin.logentry", "pk": 20, "fields": {"action_time": "2019-05-28T11:30:03.836Z", "user": 3, "content_type": 20, "object_id": "1", "object_repr": "PurchaseList object (1)", "action_flag": 1, "change_message": "[{\"added\": {}}]"}}, {"model": "admin.logentry", "pk": 21, "fields": {"action_time": "2019-05-28T11:30:34.248Z", "user": 3, "content_type": 24, "object_id": "1", "object_repr": "Repair object (1)", "action_flag": 1, "change_message": "[{\"added\": {}}]"}}, {"model": "admin.logentry", "pk": 22, "fields": {"action_time": "2019-05-28T11:31:16.201Z", "user": 3, "content_type": 23, "object_id": "1", "object_repr": "Maintain object (1)", "action_flag": 1, "change_message": "[{\"added\": {}}]"}}, {"model": "admin.logentry", "pk": 23, "fields": {"action_time": "2019-05-28T11:34:19.783Z", "user": 3, "content_type": 27, "object_id": "1", "object_repr": "Attendance object (1)", "action_flag": 1, "change_message": "[{\"added\": {}}]"}}, {"model": "admin.logentry", "pk": 24, "fields": {"action_time": "2019-05-28T11:35:43.563Z", "user": 3, "content_type": 27, "object_id": "1", "object_repr": "Attendance object (1)", "action_flag": 2, "change_message": "[]"}}, {"model": "admin.logentry", "pk": 25, "fields": {"action_time": "2019-05-28T11:36:00.570Z", "user": 3, "content_type": 27, "object_id": "1", "object_repr": "Attendance object (1)", "action_flag": 2, "change_message": "[]"}}, {"model": "admin.logentry", "pk": 26, "fields": {"action_time": "2019-05-28T11:36:34.827Z", "user": 3, "content_type": 27, "object_id": "2", "object_repr": "Attendance object (2)", "action_flag": 1, "change_message": "[{\"added\": {}}]"}}, {"model": "admin.logentry", "pk": 27, "fields": {"action_time": "2019-05-28T11:36:44.460Z", "user": 3, "content_type": 27, "object_id": "1", "object_repr": "Attendance object (1)", "action_flag": 2, "change_message": "[{\"changed\": {\"fields\": [\"supplement\"]}}]"}}, {"model": "admin.logentry", "pk": 28, "fields": {"action_time": "2019-05-28T11:41:37.753Z", "user": 3, "content_type": 27, "object_id": "3", "object_repr": "Attendance object (3)", "action_flag": 1, "change_message": "[{\"added\": {}}]"}}, {"model": "admin.logentry", "pk": 29, "fields": {"action_time": "2019-05-28T11:41:46.981Z", "user": 3, "content_type": 27, "object_id": "2", "object_repr": "Attendance object (2)", "action_flag": 2, "change_message": "[]"}}, {"model": "admin.logentry", "pk": 30, "fields": {"action_time": "2019-05-28T15:17:04.273Z", "user": 3, "content_type": 4, "object_id": "3", "object_repr": "test", "action_flag": 2, "change_message": "[{\"changed\": {\"fields\": [\"last_login\"]}}, {\"added\": {\"name\": \"profile\", \"object\": \"<Profile: test for 39>\"}}]"}}, {"model": "admin.logentry", "pk": 31, "fields": {"action_time": "2019-05-28T16:52:05.060Z", "user": 3, "content_type": 3, "object_id": "1", "object_repr": "\u666e\u901a\u804c\u5de5", "action_flag": 1, "change_message": "[{\"added\": {}}]"}}, {"model": "admin.logentry", "pk": 32, "fields": {"action_time": "2019-05-29T01:36:38.492Z", "user": 3, "content_type": 4, "object_id": "2", "object_repr": "zhaoyi", "action_flag": 2, "change_message": "[{\"added\": {\"name\": \"profile\", \"object\": \"<Profile: zhaoyi for 32>\"}}]"}}, {"model": "admin.logentry", "pk": 33, "fields": {"action_time": "2019-05-29T03:31:41.967Z", "user": 3, "content_type": 27, "object_id": "4", "object_repr": "Attendance object (4)", "action_flag": 1, "change_message": "[{\"added\": {}}]"}}, {"model": "admin.logentry", "pk": 34, "fields": {"action_time": "2019-05-29T03:32:05.760Z", "user": 3, "content_type": 27, "object_id": "5", "object_repr": "Attendance object (5)", "action_flag": 1, "change_message": "[{\"added\": {}}]"}}, {"model": "admin.logentry", "pk": 35, "fields": {"action_time": "2019-05-29T06:14:46.877Z", "user": 3, "content_type": 4, "object_id": "4", "object_repr": "qianyi", "action_flag": 2, "change_message": "[{\"changed\": {\"fields\": [\"last_login\"]}}, {\"changed\": {\"name\": \"profile\", \"object\": \"<Profile: qianyi for 25>\", \"fields\": [\"salary_pre_hour\"]}}]"}}, {"model": "admin.logentry", "pk": 36, "fields": {"action_time": "2019-05-29T06:14:50.616Z", "user": 3, "content_type": 26, "object_id": "1", "object_repr": "Salary object (1)", "action_flag": 1, "change_message": "[{\"added\": {}}]"}}, {"model": "admin.logentry", "pk": 37, "fields": {"action_time": "2019-05-29T06:15:52.530Z", "user": 3, "content_type": 26, "object_id": "2", "object_repr": "Salary object (2)", "action_flag": 1, "change_message": "[{\"added\": {}}]"}}, {"model": "admin.logentry", "pk": 38, "fields": {"action_time": "2019-05-29T06:40:03.485Z", "user": 3, "content_type": 4, "object_id": "6", "object_repr": "\u8d75\u4e00", "action_flag": 1, "change_message": "[{\"added\": {}}, {\"added\": {\"name\": \"profile\", \"object\": \"<Profile: \\u8d75\\u4e00 for 46>\"}}]"}}, {"model": "admin.logentry", "pk": 39, "fields": {"action_time": "2019-05-30T04:45:08.353Z", "user": 3, "content_type": 30, "object_id": "1", "object_repr": "Notice object (1)", "action_flag": 1, "change_message": "[{\"added\": {}}]"}}, {"model": "admin.logentry", "pk": 40, "fields": {"action_time": "2019-05-30T04:46:14.524Z", "user": 3, "content_type": 30, "object_id": "2", "object_repr": "Notice object (2)", "action_flag": 1, "change_message": "[{\"added\": {}}]"}}, {"model": "admin.logentry", "pk": 41, "fields": {"action_time": "2019-05-30T07:34:49.274Z", "user": 3, "content_type": 32, "object_id": "1", "object_repr": "Product object (1)", "action_flag": 1, "change_message": "[{\"added\": {}}]"}}, {"model": "admin.logentry", "pk": 42, "fields": {"action_time": "2019-05-30T07:34:55.107Z", "user": 3, "content_type": 32, "object_id": "2", "object_repr": "Product object (2)", "action_flag": 1, "change_message": "[{\"added\": {}}]"}}, {"model": "admin.logentry", "pk": 43, "fields": {"action_time": "2019-05-30T07:34:59.694Z", "user": 3, "content_type": 32, "object_id": "3", "object_repr": "Product object (3)", "action_flag": 1, "change_message": "[{\"added\": {}}]"}}, {"model": "admin.logentry", "pk": 44, "fields": {"action_time": "2019-05-30T07:37:16.921Z", "user": 3, "content_type": 21, "object_id": "1", "object_repr": "ProduceDiary object (1)", "action_flag": 1, "change_message": "[{\"added\": {}}]"}}, {"model": "admin.logentry", "pk": 45, "fields": {"action_time": "2019-06-02T02:54:16.846Z", "user": 3, "content_type": 24, "object_id": "2", "object_repr": "Repair object (2)", "action_flag": 1, "change_message": "[{\"added\": {}}]"}}, {"model": "admin.logentry", "pk": 46, "fields": {"action_time": "2019-06-02T03:46:25.370Z", "user": 3, "content_type": 24, "object_id": "3", "object_repr": "Repair object (3)", "action_flag": 3, "change_message": ""}}, {"model": "admin.logentry", "pk": 47, "fields": {"action_time": "2019-06-02T03:49:08.726Z", "user": 3, "content_type": 4, "object_id": "7", "object_repr": "\u674e\u7ef4\u4fee", "action_flag": 1, "change_message": "[{\"added\": {}}, {\"added\": {\"name\": \"profile\", \"object\": \"Profile object (7)\"}}]"}}, {"model": "admin.logentry", "pk": 48, "fields": {"action_time": "2019-06-02T03:49:34.047Z", "user": 3, "content_type": 31, "object_id": "1", "object_repr": "Position object (1)", "action_flag": 1, "change_message": "[{\"added\": {}}]"}}, {"model": "admin.logentry", "pk": 49, "fields": {"action_time": "2019-06-02T03:49:39.650Z", "user": 3, "content_type": 31, "object_id": "2", "object_repr": "Position object (2)", "action_flag": 1, "change_message": "[{\"added\": {}}]"}}, {"model": "admin.logentry", "pk": 50, "fields": {"action_time": "2019-06-02T03:49:44.073Z", "user": 3, "content_type": 31, "object_id": "3", "object_repr": "Position object (3)", "action_flag": 1, "change_message": "[{\"added\": {}}]"}}, {"model": "admin.logentry", "pk": 51, "fields": {"action_time": "2019-06-04T06:14:35.420Z", "user": 3, "content_type": 4, "object_id": "16", "object_repr": "\u5218\u7ecf\u7406", "action_flag": 1, "change_message": "[{\"added\": {}}, {\"added\": {\"name\": \"profile\", \"object\": \"Profile object (9)\"}}]"}}, {"model": "admin.logentry", "pk": 52, "fields": {"action_time": "2019-06-04T10:02:19.008Z", "user": 3, "content_type": 4, "object_id": "21", "object_repr": "\u8d85\u7ea7\u7528\u6237", "action_flag": 1, "change_message": "[{\"added\": {}}, {\"added\": {\"name\": \"profile\", \"object\": \"Profile object (14)\"}}]"}}, {"model": "admin.logentry", "pk": 53, "fields": {"action_time": "2019-06-04T10:02:37.096Z", "user": 3, "content_type": 4, "object_id": "21", "object_repr": "\u8d85\u7ea7\u7528\u6237", "action_flag": 2, "change_message": "[{\"changed\": {\"fields\": [\"is_superuser\"]}}]"}}, {"model": "admin.logentry", "pk": 54, "fields": {"action_time": "2019-06-05T08:13:30.142Z", "user": 3, "content_type": 18, "object_id": "3", "object_repr": "Orders object (3)", "action_flag": 1, "change_message": "[{\"added\": {}}]"}}, {"model": "admin.logentry", "pk": 55, "fields": {"action_time": "2019-06-05T08:14:29.615Z", "user": 3, "content_type": 18, "object_id": "3", "object_repr": "Orders object (3)", "action_flag": 3, "change_message": ""}}, {"model": "admin.logentry", "pk": 56, "fields": {"action_time": "2019-06-05T08:14:50.567Z", "user": 3, "content_type": 18, "object_id": "4", "object_repr": "Orders object (4)", "action_flag": 1, "change_message": "[{\"added\": {}}]"}}, {"model": "admin.logentry", "pk": 57, "fields": {"action_time": "2019-06-05T08:15:15.830Z", "user": 3, "content_type": 18, "object_id": "4", "object_repr": "Orders object (4)", "action_flag": 3, "change_message": ""}}, {"model": "admin.logentry", "pk": 58, "fields": {"action_time": "2019-06-05T08:15:43.030Z", "user": 3, "content_type": 18, "object_id": "5", "object_repr": "Orders object (5)", "action_flag": 1, "change_message": "[{\"added\": {}}]"}}, {"model": "admin.logentry", "pk": 59, "fields": {"action_time": "2019-06-05T08:41:13.924Z", "user": 3, "content_type": 22, "object_id": "2", "object_repr": "\u6a21\u578b\u673a", "action_flag": 3, "change_message": ""}}, {"model": "admin.logentry", "pk": 60, "fields": {"action_time": "2019-06-05T08:41:14.134Z", "user": 3, "content_type": 22, "object_id": "1", "object_repr": "\u5207\u5272\u673a", "action_flag": 3, "change_message": ""}}, {"model": "admin.logentry", "pk": 61, "fields": {"action_time": "2019-06-05T08:56:04.738Z", "user": 3, "content_type": 19, "object_id": "1", "object_repr": "Warehouse object (1)", "action_flag": 3, "change_message": ""}}, {"model": "admin.logentry", "pk": 62, "fields": {"action_time": "2019-06-05T08:56:50.704Z", "user": 3, "content_type": 23, "object_id": "1", "object_repr": "Maintain object (1)", "action_flag": 3, "change_message": ""}}, {"model": "admin.logentry", "pk": 63, "fields": {"action_time": "2019-06-05T08:57:01.841Z", "user": 3, "content_type": 24, "object_id": "2", "object_repr": "Repair object (2)", "action_flag": 3, "change_message": ""}}, {"model": "admin.logentry", "pk": 64, "fields": {"action_time": "2019-06-05T08:57:01.945Z", "user": 3, "content_type": 24, "object_id": "8", "object_repr": "Repair object (8)", "action_flag": 3, "change_message": ""}}, {"model": "admin.logentry", "pk": 65, "fields": {"action_time": "2019-06-05T08:57:02.054Z", "user": 3, "content_type": 24, "object_id": "7", "object_repr": "Repair object (7)", "action_flag": 3, "change_message": ""}}, {"model": "admin.logentry", "pk": 66, "fields": {"action_time": "2019-06-05T08:57:02.193Z", "user": 3, "content_type": 24, "object_id": "6", "object_repr": "Repair object (6)", "action_flag": 3, "change_message": ""}}, {"model": "admin.logentry", "pk": 67, "fields": {"action_time": "2019-06-05T08:57:02.287Z", "user": 3, "content_type": 24, "object_id": "5", "object_repr": "Repair object (5)", "action_flag": 3, "change_message": ""}}, {"model": "admin.logentry", "pk": 68, "fields": {"action_time": "2019-06-05T08:57:02.416Z", "user": 3, "content_type": 24, "object_id": "4", "object_repr": "Repair object (4)", "action_flag": 3, "change_message": ""}}, {"model": "admin.logentry", "pk": 69, "fields": {"action_time": "2019-06-05T08:57:02.510Z", "user": 3, "content_type": 24, "object_id": "1", "object_repr": "Repair object (1)", "action_flag": 3, "change_message": ""}}, {"model": "admin.logentry", "pk": 70, "fields": {"action_time": "2019-06-05T08:57:46.715Z", "user": 3, "content_type": 21, "object_id": "3", "object_repr": "ProduceDiary object (3)", "action_flag": 3, "change_message": ""}}, {"model": "admin.logentry", "pk": 71, "fields": {"action_time": "2019-06-05T08:57:46.857Z", "user": 3, "content_type": 21, "object_id": "1", "object_repr": "ProduceDiary object (1)", "action_flag": 3, "change_message": ""}}, {"model": "admin.logentry", "pk": 72, "fields": {"action_time": "2019-06-05T09:01:56.308Z", "user": 3, "content_type": 22, "object_id": "2", "object_repr": "\u6a21\u578b\u673a", "action_flag": 3, "change_message": ""}}, {"model": "admin.logentry", "pk": 73, "fields": {"action_time": "2019-06-05T09:01:56.459Z", "user": 3, "content_type": 22, "object_id": "1", "object_repr": "\u5207\u5272\u673a", "action_flag": 3, "change_message": ""}}, {"model": "admin.logentry", "pk": 74, "fields": {"action_time": "2019-06-05T10:19:56.931Z", "user": 3, "content_type": 20, "object_id": "2", "object_repr": "PurchaseList object (2)", "action_flag": 3, "change_message": ""}}, {"model": "admin.logentry", "pk": 75, "fields": {"action_time": "2019-06-05T10:19:57.129Z", "user": 3, "content_type": 20, "object_id": "1", "object_repr": "PurchaseList object (1)", "action_flag": 3, "change_message": ""}}, {"model": "admin.logentry", "pk": 76, "fields": {"action_time": "2019-06-05T15:02:06.315Z", "user": 3, "content_type": 4, "object_id": "25", "object_repr": "test111", "action_flag": 1, "change_message": "[{\"added\": {}}, {\"added\": {\"name\": \"profile\", \"object\": \"Profile object (18)\"}}]"}}, {"model": "admin.logentry", "pk": 77, "fields": {"action_time": "2019-06-05T15:02:44.184Z", "user": 3, "content_type": 4, "object_id": "25", "object_repr": "test111", "action_flag": 2, "change_message": "[{\"changed\": {\"fields\": [\"email\"]}}]"}}, {"model": "admin.logentry", "pk": 78, "fields": {"action_time": "2019-06-06T07:50:34.310Z", "user": 3, "content_type": 26, "object_id": "93", "object_repr": "Salary object (93)", "action_flag": 3, "change_message": ""}}, {"model": "admin.logentry", "pk": 79, "fields": {"action_time": "2019-06-06T07:50:34.480Z", "user": 3, "content_type": 26, "object_id": "92", "object_repr": "Salary object (92)", "action_flag": 3, "change_message": ""}}, {"model": "admin.logentry", "pk": 80, "fields": {"action_time": "2019-06-06T07:50:34.601Z", "user": 3, "content_type": 26, "object_id": "91", "object_repr": "Salary object (91)", "action_flag": 3, "change_message": ""}}, {"model": "admin.logentry", "pk": 81, "fields": {"action_time": "2019-06-06T07:50:34.735Z", "user": 3, "content_type": 26, "object_id": "90", "object_repr": "Salary object (90)", "action_flag": 3, "change_message": ""}}, {"model": "admin.logentry", "pk": 82, "fields": {"action_time": "2019-06-06T07:50:34.866Z", "user": 3, "content_type": 26, "object_id": "89", "object_repr": "Salary object (89)", "action_flag": 3, "change_message": ""}}, {"model": "admin.logentry", "pk": 83, "fields": {"action_time": "2019-06-06T07:50:35.000Z", "user": 3, "content_type": 26, "object_id": "88", "object_repr": "Salary object (88)", "action_flag": 3, "change_message": ""}}, {"model": "admin.logentry", "pk": 84, "fields": {"action_time": "2019-06-06T07:50:35.148Z", "user": 3, "content_type": 26, "object_id": "87", "object_repr": "Salary object (87)", "action_flag": 3, "change_message": ""}}, {"model": "admin.logentry", "pk": 85, "fields": {"action_time": "2019-06-06T07:50:35.268Z", "user": 3, "content_type": 26, "object_id": "86", "object_repr": "Salary object (86)", "action_flag": 3, "change_message": ""}}, {"model": "admin.logentry", "pk": 86, "fields": {"action_time": "2019-06-06T07:50:35.401Z", "user": 3, "content_type": 26, "object_id": "85", "object_repr": "Salary object (85)", "action_flag": 3, "change_message": ""}}, {"model": "admin.logentry", "pk": 87, "fields": {"action_time": "2019-06-06T07:50:35.543Z", "user": 3, "content_type": 26, "object_id": "84", "object_repr": "Salary object (84)", "action_flag": 3, "change_message": ""}}, {"model": "admin.logentry", "pk": 88, "fields": {"action_time": "2019-06-06T07:50:35.734Z", "user": 3, "content_type": 26, "object_id": "83", "object_repr": "Salary object (83)", "action_flag": 3, "change_message": ""}}, {"model": "admin.logentry", "pk": 89, "fields": {"action_time": "2019-06-06T07:50:35.874Z", "user": 3, "content_type": 26, "object_id": "82", "object_repr": "Salary object (82)", "action_flag": 3, "change_message": ""}}, {"model": "admin.logentry", "pk": 90, "fields": {"action_time": "2019-06-06T07:50:36.000Z", "user": 3, "content_type": 26, "object_id": "81", "object_repr": "Salary object (81)", "action_flag": 3, "change_message": ""}}, {"model": "admin.logentry", "pk": 91, "fields": {"action_time": "2019-06-06T07:50:36.145Z", "user": 3, "content_type": 26, "object_id": "80", "object_repr": "Salary object (80)", "action_flag": 3, "change_message": ""}}, {"model": "admin.logentry", "pk": 92, "fields": {"action_time": "2019-06-06T07:50:36.361Z", "user": 3, "content_type": 26, "object_id": "79", "object_repr": "Salary object (79)", "action_flag": 3, "change_message": ""}}, {"model": "admin.logentry", "pk": 93, "fields": {"action_time": "2019-06-06T07:50:36.544Z", "user": 3, "content_type": 26, "object_id": "78", "object_repr": "Salary object (78)", "action_flag": 3, "change_message": ""}}, {"model": "admin.logentry", "pk": 94, "fields": {"action_time": "2019-06-06T07:50:36.682Z", "user": 3, "content_type": 26, "object_id": "77", "object_repr": "Salary object (77)", "action_flag": 3, "change_message": ""}}, {"model": "admin.logentry", "pk": 95, "fields": {"action_time": "2019-06-06T07:50:36.785Z", "user": 3, "content_type": 26, "object_id": "76", "object_repr": "Salary object (76)", "action_flag": 3, "change_message": ""}}, {"model": "admin.logentry", "pk": 96, "fields": {"action_time": "2019-06-06T07:50:36.933Z", "user": 3, "content_type": 26, "object_id": "75", "object_repr": "Salary object (75)", "action_flag": 3, "change_message": ""}}, {"model": "admin.logentry", "pk": 97, "fields": {"action_time": "2019-06-06T07:50:37.071Z", "user": 3, "content_type": 26, "object_id": "74", "object_repr": "Salary object (74)", "action_flag": 3, "change_message": ""}}, {"model": "admin.logentry", "pk": 98, "fields": {"action_time": "2019-06-06T07:50:37.209Z", "user": 3, "content_type": 26, "object_id": "73", "object_repr": "Salary object (73)", "action_flag": 3, "change_message": ""}}, {"model": "admin.logentry", "pk": 99, "fields": {"action_time": "2019-06-06T07:50:37.343Z", "user": 3, "content_type": 26, "object_id": "72", "object_repr": "Salary object (72)", "action_flag": 3, "change_message": ""}}, {"model": "admin.logentry", "pk": 100, "fields": {"action_time": "2019-06-06T07:50:37.465Z", "user": 3, "content_type": 26, "object_id": "71", "object_repr": "Salary object (71)", "action_flag": 3, "change_message": ""}}, {"model": "admin.logentry", "pk": 101, "fields": {"action_time": "2019-06-06T07:50:37.587Z", "user": 3, "content_type": 26, "object_id": "70", "object_repr": "Salary object (70)", "action_flag": 3, "change_message": ""}}, {"model": "admin.logentry", "pk": 102, "fields": {"action_time": "2019-06-06T07:50:37.719Z", "user": 3, "content_type": 26, "object_id": "69", "object_repr": "Salary object (69)", "action_flag": 3, "change_message": ""}}, {"model": "admin.logentry", "pk": 103, "fields": {"action_time": "2019-06-06T07:50:37.851Z", "user": 3, "content_type": 26, "object_id": "68", "object_repr": "Salary object (68)", "action_flag": 3, "change_message": ""}}, {"model": "admin.logentry", "pk": 104, "fields": {"action_time": "2019-06-06T07:50:37.984Z", "user": 3, "content_type": 26, "object_id": "67", "object_repr": "Salary object (67)", "action_flag": 3, "change_message": ""}}, {"model": "admin.logentry", "pk": 105, "fields": {"action_time": "2019-06-06T07:50:38.153Z", "user": 3, "content_type": 26, "object_id": "66", "object_repr": "Salary object (66)", "action_flag": 3, "change_message": ""}}, {"model": "admin.logentry", "pk": 106, "fields": {"action_time": "2019-06-06T07:50:38.285Z", "user": 3, "content_type": 26, "object_id": "65", "object_repr": "Salary object (65)", "action_flag": 3, "change_message": ""}}, {"model": "admin.logentry", "pk": 107, "fields": {"action_time": "2019-06-06T07:50:38.415Z", "user": 3, "content_type": 26, "object_id": "64", "object_repr": "Salary object (64)", "action_flag": 3, "change_message": ""}}, {"model": "admin.logentry", "pk": 108, "fields": {"action_time": "2019-06-06T07:50:38.531Z", "user": 3, "content_type": 26, "object_id": "63", "object_repr": "Salary object (63)", "action_flag": 3, "change_message": ""}}, {"model": "admin.logentry", "pk": 109, "fields": {"action_time": "2019-06-06T07:50:38.654Z", "user": 3, "content_type": 26, "object_id": "62", "object_repr": "Salary object (62)", "action_flag": 3, "change_message": ""}}, {"model": "admin.logentry", "pk": 110, "fields": {"action_time": "2019-06-06T07:50:38.781Z", "user": 3, "content_type": 26, "object_id": "61", "object_repr": "Salary object (61)", "action_flag": 3, "change_message": ""}}, {"model": "admin.logentry", "pk": 111, "fields": {"action_time": "2019-06-06T07:50:38.885Z", "user": 3, "content_type": 26, "object_id": "60", "object_repr": "Salary object (60)", "action_flag": 3, "change_message": ""}}, {"model": "admin.logentry", "pk": 112, "fields": {"action_time": "2019-06-06T07:50:39.001Z", "user": 3, "content_type": 26, "object_id": "59", "object_repr": "Salary object (59)", "action_flag": 3, "change_message": ""}}, {"model": "admin.logentry", "pk": 113, "fields": {"action_time": "2019-06-06T07:50:39.117Z", "user": 3, "content_type": 26, "object_id": "58", "object_repr": "Salary object (58)", "action_flag": 3, "change_message": ""}}, {"model": "admin.logentry", "pk": 114, "fields": {"action_time": "2019-06-06T07:50:39.230Z", "user": 3, "content_type": 26, "object_id": "57", "object_repr": "Salary object (57)", "action_flag": 3, "change_message": ""}}, {"model": "admin.logentry", "pk": 115, "fields": {"action_time": "2019-06-06T07:50:39.330Z", "user": 3, "content_type": 26, "object_id": "56", "object_repr": "Salary object (56)", "action_flag": 3, "change_message": ""}}, {"model": "admin.logentry", "pk": 116, "fields": {"action_time": "2019-06-06T07:50:39.435Z", "user": 3, "content_type": 26, "object_id": "55", "object_repr": "Salary object (55)", "action_flag": 3, "change_message": ""}}, {"model": "admin.logentry", "pk": 117, "fields": {"action_time": "2019-06-06T07:50:39.552Z", "user": 3, "content_type": 26, "object_id": "54", "object_repr": "Salary object (54)", "action_flag": 3, "change_message": ""}}, {"model": "admin.logentry", "pk": 118, "fields": {"action_time": "2019-06-06T07:50:39.651Z", "user": 3, "content_type": 26, "object_id": "53", "object_repr": "Salary object (53)", "action_flag": 3, "change_message": ""}}, {"model": "admin.logentry", "pk": 119, "fields": {"action_time": "2019-06-06T07:50:39.763Z", "user": 3, "content_type": 26, "object_id": "52", "object_repr": "Salary object (52)", "action_flag": 3, "change_message": ""}}, {"model": "admin.logentry", "pk": 120, "fields": {"action_time": "2019-06-06T07:50:39.862Z", "user": 3, "content_type": 26, "object_id": "51", "object_repr": "Salary object (51)", "action_flag": 3, "change_message": ""}}, {"model": "admin.logentry", "pk": 121, "fields": {"action_time": "2019-06-06T07:50:39.974Z", "user": 3, "content_type": 26, "object_id": "50", "object_repr": "Salary object (50)", "action_flag": 3, "change_message": ""}}, {"model": "admin.logentry", "pk": 122, "fields": {"action_time": "2019-06-06T07:50:40.073Z", "user": 3, "content_type": 26, "object_id": "49", "object_repr": "Salary object (49)", "action_flag": 3, "change_message": ""}}, {"model": "admin.logentry", "pk": 123, "fields": {"action_time": "2019-06-06T07:50:40.181Z", "user": 3, "content_type": 26, "object_id": "48", "object_repr": "Salary object (48)", "action_flag": 3, "change_message": ""}}, {"model": "admin.logentry", "pk": 124, "fields": {"action_time": "2019-06-06T07:50:40.293Z", "user": 3, "content_type": 26, "object_id": "47", "object_repr": "Salary object (47)", "action_flag": 3, "change_message": ""}}, {"model": "admin.logentry", "pk": 125, "fields": {"action_time": "2019-06-06T07:50:40.404Z", "user": 3, "content_type": 26, "object_id": "46", "object_repr": "Salary object (46)", "action_flag": 3, "change_message": ""}}, {"model": "admin.logentry", "pk": 126, "fields": {"action_time": "2019-06-06T07:50:40.518Z", "user": 3, "content_type": 26, "object_id": "45", "object_repr": "Salary object (45)", "action_flag": 3, "change_message": ""}}, {"model": "admin.logentry", "pk": 127, "fields": {"action_time": "2019-06-06T07:50:40.666Z", "user": 3, "content_type": 26, "object_id": "44", "object_repr": "Salary object (44)", "action_flag": 3, "change_message": ""}}, {"model": "admin.logentry", "pk": 128, "fields": {"action_time": "2019-06-06T07:50:40.784Z", "user": 3, "content_type": 26, "object_id": "43", "object_repr": "Salary object (43)", "action_flag": 3, "change_message": ""}}, {"model": "admin.logentry", "pk": 129, "fields": {"action_time": "2019-06-06T07:50:40.894Z", "user": 3, "content_type": 26, "object_id": "42", "object_repr": "Salary object (42)", "action_flag": 3, "change_message": ""}}, {"model": "admin.logentry", "pk": 130, "fields": {"action_time": "2019-06-06T07:50:41.016Z", "user": 3, "content_type": 26, "object_id": "41", "object_repr": "Salary object (41)", "action_flag": 3, "change_message": ""}}, {"model": "admin.logentry", "pk": 131, "fields": {"action_time": "2019-06-06T07:50:41.149Z", "user": 3, "content_type": 26, "object_id": "40", "object_repr": "Salary object (40)", "action_flag": 3, "change_message": ""}}, {"model": "admin.logentry", "pk": 132, "fields": {"action_time": "2019-06-06T07:50:41.272Z", "user": 3, "content_type": 26, "object_id": "39", "object_repr": "Salary object (39)", "action_flag": 3, "change_message": ""}}, {"model": "admin.logentry", "pk": 133, "fields": {"action_time": "2019-06-06T07:50:41.535Z", "user": 3, "content_type": 26, "object_id": "38", "object_repr": "Salary object (38)", "action_flag": 3, "change_message": ""}}, {"model": "admin.logentry", "pk": 134, "fields": {"action_time": "2019-06-06T07:50:41.647Z", "user": 3, "content_type": 26, "object_id": "37", "object_repr": "Salary object (37)", "action_flag": 3, "change_message": ""}}, {"model": "admin.logentry", "pk": 135, "fields": {"action_time": "2019-06-06T07:50:41.771Z", "user": 3, "content_type": 26, "object_id": "36", "object_repr": "Salary object (36)", "action_flag": 3, "change_message": ""}}, {"model": "admin.logentry", "pk": 136, "fields": {"action_time": "2019-06-06T07:50:41.881Z", "user": 3, "content_type": 26, "object_id": "35", "object_repr": "Salary object (35)", "action_flag": 3, "change_message": ""}}, {"model": "admin.logentry", "pk": 137, "fields": {"action_time": "2019-06-06T07:50:42.014Z", "user": 3, "content_type": 26, "object_id": "34", "object_repr": "Salary object (34)", "action_flag": 3, "change_message": ""}}, {"model": "admin.logentry", "pk": 138, "fields": {"action_time": "2019-06-06T07:50:42.132Z", "user": 3, "content_type": 26, "object_id": "33", "object_repr": "Salary object (33)", "action_flag": 3, "change_message": ""}}, {"model": "admin.logentry", "pk": 139, "fields": {"action_time": "2019-06-06T07:50:42.258Z", "user": 3, "content_type": 26, "object_id": "32", "object_repr": "Salary object (32)", "action_flag": 3, "change_message": ""}}, {"model": "admin.logentry", "pk": 140, "fields": {"action_time": "2019-06-06T07:50:42.383Z", "user": 3, "content_type": 26, "object_id": "31", "object_repr": "Salary object (31)", "action_flag": 3, "change_message": ""}}, {"model": "admin.logentry", "pk": 141, "fields": {"action_time": "2019-06-06T07:50:42.492Z", "user": 3, "content_type": 26, "object_id": "30", "object_repr": "Salary object (30)", "action_flag": 3, "change_message": ""}}, {"model": "admin.logentry", "pk": 142, "fields": {"action_time": "2019-06-06T07:50:42.601Z", "user": 3, "content_type": 26, "object_id": "29", "object_repr": "Salary object (29)", "action_flag": 3, "change_message": ""}}, {"model": "admin.logentry", "pk": 143, "fields": {"action_time": "2019-06-06T07:50:42.729Z", "user": 3, "content_type": 26, "object_id": "28", "object_repr": "Salary object (28)", "action_flag": 3, "change_message": ""}}, {"model": "admin.logentry", "pk": 144, "fields": {"action_time": "2019-06-06T07:50:42.825Z", "user": 3, "content_type": 26, "object_id": "27", "object_repr": "Salary object (27)", "action_flag": 3, "change_message": ""}}, {"model": "admin.logentry", "pk": 145, "fields": {"action_time": "2019-06-06T07:50:42.958Z", "user": 3, "content_type": 26, "object_id": "26", "object_repr": "Salary object (26)", "action_flag": 3, "change_message": ""}}, {"model": "admin.logentry", "pk": 146, "fields": {"action_time": "2019-06-06T07:50:43.069Z", "user": 3, "content_type": 26, "object_id": "25", "object_repr": "Salary object (25)", "action_flag": 3, "change_message": ""}}, {"model": "admin.logentry", "pk": 147, "fields": {"action_time": "2019-06-06T07:50:43.202Z", "user": 3, "content_type": 26, "object_id": "24", "object_repr": "Salary object (24)", "action_flag": 3, "change_message": ""}}, {"model": "admin.logentry", "pk": 148, "fields": {"action_time": "2019-06-06T07:50:43.314Z", "user": 3, "content_type": 26, "object_id": "23", "object_repr": "Salary object (23)", "action_flag": 3, "change_message": ""}}, {"model": "admin.logentry", "pk": 149, "fields": {"action_time": "2019-06-06T07:50:43.435Z", "user": 3, "content_type": 26, "object_id": "22", "object_repr": "Salary object (22)", "action_flag": 3, "change_message": ""}}, {"model": "admin.logentry", "pk": 150, "fields": {"action_time": "2019-06-06T07:50:43.567Z", "user": 3, "content_type": 26, "object_id": "21", "object_repr": "Salary object (21)", "action_flag": 3, "change_message": ""}}, {"model": "admin.logentry", "pk": 151, "fields": {"action_time": "2019-06-06T07:50:43.690Z", "user": 3, "content_type": 26, "object_id": "20", "object_repr": "Salary object (20)", "action_flag": 3, "change_message": ""}}, {"model": "admin.logentry", "pk": 152, "fields": {"action_time": "2019-06-06T07:50:43.831Z", "user": 3, "content_type": 26, "object_id": "19", "object_repr": "Salary object (19)", "action_flag": 3, "change_message": ""}}, {"model": "admin.logentry", "pk": 153, "fields": {"action_time": "2019-06-06T07:50:43.968Z", "user": 3, "content_type": 26, "object_id": "18", "object_repr": "Salary object (18)", "action_flag": 3, "change_message": ""}}, {"model": "admin.logentry", "pk": 154, "fields": {"action_time": "2019-06-06T07:50:44.100Z", "user": 3, "content_type": 26, "object_id": "17", "object_repr": "Salary object (17)", "action_flag": 3, "change_message": ""}}, {"model": "admin.logentry", "pk": 155, "fields": {"action_time": "2019-06-06T07:50:44.234Z", "user": 3, "content_type": 26, "object_id": "16", "object_repr": "Salary object (16)", "action_flag": 3, "change_message": ""}}, {"model": "admin.logentry", "pk": 156, "fields": {"action_time": "2019-06-06T07:50:44.356Z", "user": 3, "content_type": 26, "object_id": "15", "object_repr": "Salary object (15)", "action_flag": 3, "change_message": ""}}, {"model": "admin.logentry", "pk": 157, "fields": {"action_time": "2019-06-06T07:50:44.490Z", "user": 3, "content_type": 26, "object_id": "14", "object_repr": "Salary object (14)", "action_flag": 3, "change_message": ""}}, {"model": "admin.logentry", "pk": 158, "fields": {"action_time": "2019-06-06T07:50:44.601Z", "user": 3, "content_type": 26, "object_id": "13", "object_repr": "Salary object (13)", "action_flag": 3, "change_message": ""}}, {"model": "admin.logentry", "pk": 159, "fields": {"action_time": "2019-06-06T07:50:44.779Z", "user": 3, "content_type": 26, "object_id": "12", "object_repr": "Salary object (12)", "action_flag": 3, "change_message": ""}}, {"model": "admin.logentry", "pk": 160, "fields": {"action_time": "2019-06-06T07:50:44.895Z", "user": 3, "content_type": 26, "object_id": "11", "object_repr": "Salary object (11)", "action_flag": 3, "change_message": ""}}, {"model": "admin.logentry", "pk": 161, "fields": {"action_time": "2019-06-06T07:50:45.008Z", "user": 3, "content_type": 26, "object_id": "10", "object_repr": "Salary object (10)", "action_flag": 3, "change_message": ""}}, {"model": "admin.logentry", "pk": 162, "fields": {"action_time": "2019-06-06T07:50:45.131Z", "user": 3, "content_type": 26, "object_id": "9", "object_repr": "Salary object (9)", "action_flag": 3, "change_message": ""}}, {"model": "admin.logentry", "pk": 163, "fields": {"action_time": "2019-06-06T07:50:45.249Z", "user": 3, "content_type": 26, "object_id": "8", "object_repr": "Salary object (8)", "action_flag": 3, "change_message": ""}}, {"model": "admin.logentry", "pk": 164, "fields": {"action_time": "2019-06-06T07:50:45.354Z", "user": 3, "content_type": 26, "object_id": "7", "object_repr": "Salary object (7)", "action_flag": 3, "change_message": ""}}, {"model": "admin.logentry", "pk": 165, "fields": {"action_time": "2019-06-06T07:50:45.486Z", "user": 3, "content_type": 26, "object_id": "6", "object_repr": "Salary object (6)", "action_flag": 3, "change_message": ""}}, {"model": "admin.logentry", "pk": 166, "fields": {"action_time": "2019-06-06T07:50:45.599Z", "user": 3, "content_type": 26, "object_id": "5", "object_repr": "Salary object (5)", "action_flag": 3, "change_message": ""}}, {"model": "admin.logentry", "pk": 167, "fields": {"action_time": "2019-06-06T07:50:45.831Z", "user": 3, "content_type": 26, "object_id": "4", "object_repr": "Salary object (4)", "action_flag": 3, "change_message": ""}}, {"model": "admin.logentry", "pk": 168, "fields": {"action_time": "2019-06-06T07:50:45.948Z", "user": 3, "content_type": 26, "object_id": "3", "object_repr": "Salary object (3)", "action_flag": 3, "change_message": ""}}, {"model": "admin.logentry", "pk": 169, "fields": {"action_time": "2019-06-06T07:50:46.075Z", "user": 3, "content_type": 26, "object_id": "2", "object_repr": "Salary object (2)", "action_flag": 3, "change_message": ""}}, {"model": "admin.logentry", "pk": 170, "fields": {"action_time": "2019-06-06T07:51:22.777Z", "user": 3, "content_type": 26, "object_id": "106", "object_repr": "Salary object (106)", "action_flag": 3, "change_message": ""}}, {"model": "admin.logentry", "pk": 171, "fields": {"action_time": "2019-06-06T07:51:22.968Z", "user": 3, "content_type": 26, "object_id": "105", "object_repr": "Salary object (105)", "action_flag": 3, "change_message": ""}}, {"model": "admin.logentry", "pk": 172, "fields": {"action_time": "2019-06-06T07:51:23.090Z", "user": 3, "content_type": 26, "object_id": "104", "object_repr": "Salary object (104)", "action_flag": 3, "change_message": ""}}, {"model": "admin.logentry", "pk": 173, "fields": {"action_time": "2019-06-06T07:51:23.221Z", "user": 3, "content_type": 26, "object_id": "103", "object_repr": "Salary object (103)", "action_flag": 3, "change_message": ""}}, {"model": "admin.logentry", "pk": 174, "fields": {"action_time": "2019-06-06T07:51:23.357Z", "user": 3, "content_type": 26, "object_id": "102", "object_repr": "Salary object (102)", "action_flag": 3, "change_message": ""}}, {"model": "admin.logentry", "pk": 175, "fields": {"action_time": "2019-06-06T07:51:23.481Z", "user": 3, "content_type": 26, "object_id": "101", "object_repr": "Salary object (101)", "action_flag": 3, "change_message": ""}}, {"model": "admin.logentry", "pk": 176, "fields": {"action_time": "2019-06-06T07:51:23.610Z", "user": 3, "content_type": 26, "object_id": "100", "object_repr": "Salary object (100)", "action_flag": 3, "change_message": ""}}, {"model": "admin.logentry", "pk": 177, "fields": {"action_time": "2019-06-06T07:51:23.743Z", "user": 3, "content_type": 26, "object_id": "99", "object_repr": "Salary object (99)", "action_flag": 3, "change_message": ""}}, {"model": "admin.logentry", "pk": 178, "fields": {"action_time": "2019-06-06T07:51:23.891Z", "user": 3, "content_type": 26, "object_id": "98", "object_repr": "Salary object (98)", "action_flag": 3, "change_message": ""}}, {"model": "admin.logentry", "pk": 179, "fields": {"action_time": "2019-06-06T07:51:24.087Z", "user": 3, "content_type": 26, "object_id": "97", "object_repr": "Salary object (97)", "action_flag": 3, "change_message": ""}}, {"model": "admin.logentry", "pk": 180, "fields": {"action_time": "2019-06-06T07:51:24.231Z", "user": 3, "content_type": 26, "object_id": "96", "object_repr": "Salary object (96)", "action_flag": 3, "change_message": ""}}, {"model": "admin.logentry", "pk": 181, "fields": {"action_time": "2019-06-06T07:51:24.385Z", "user": 3, "content_type": 26, "object_id": "95", "object_repr": "Salary object (95)", "action_flag": 3, "change_message": ""}}, {"model": "admin.logentry", "pk": 182, "fields": {"action_time": "2019-06-06T07:51:24.513Z", "user": 3, "content_type": 26, "object_id": "94", "object_repr": "Salary object (94)", "action_flag": 3, "change_message": ""}}, {"model": "admin.logentry", "pk": 183, "fields": {"action_time": "2019-06-06T07:53:56.299Z", "user": 3, "content_type": 26, "object_id": "132", "object_repr": "Salary object (132)", "action_flag": 3, "change_message": ""}}, {"model": "admin.logentry", "pk": 184, "fields": {"action_time": "2019-06-06T07:53:56.496Z", "user": 3, "content_type": 26, "object_id": "131", "object_repr": "Salary object (131)", "action_flag": 3, "change_message": ""}}, {"model": "admin.logentry", "pk": 185, "fields": {"action_time": "2019-06-06T07:53:56.630Z", "user": 3, "content_type": 26, "object_id": "130", "object_repr": "Salary object (130)", "action_flag": 3, "change_message": ""}}, {"model": "admin.logentry", "pk": 186, "fields": {"action_time": "2019-06-06T07:53:56.791Z", "user": 3, "content_type": 26, "object_id": "129", "object_repr": "Salary object (129)", "action_flag": 3, "change_message": ""}}, {"model": "admin.logentry", "pk": 187, "fields": {"action_time": "2019-06-06T07:53:56.914Z", "user": 3, "content_type": 26, "object_id": "128", "object_repr": "Salary object (128)", "action_flag": 3, "change_message": ""}}, {"model": "admin.logentry", "pk": 188, "fields": {"action_time": "2019-06-06T07:53:57.057Z", "user": 3, "content_type": 26, "object_id": "127", "object_repr": "Salary object (127)", "action_flag": 3, "change_message": ""}}, {"model": "admin.logentry", "pk": 189, "fields": {"action_time": "2019-06-06T07:53:57.190Z", "user": 3, "content_type": 26, "object_id": "126", "object_repr": "Salary object (126)", "action_flag": 3, "change_message": ""}}, {"model": "admin.logentry", "pk": 190, "fields": {"action_time": "2019-06-06T07:53:57.314Z", "user": 3, "content_type": 26, "object_id": "125", "object_repr": "Salary object (125)", "action_flag": 3, "change_message": ""}}, {"model": "admin.logentry", "pk": 191, "fields": {"action_time": "2019-06-06T07:53:57.444Z", "user": 3, "content_type": 26, "object_id": "124", "object_repr": "Salary object (124)", "action_flag": 3, "change_message": ""}}, {"model": "admin.logentry", "pk": 192, "fields": {"action_time": "2019-06-06T07:53:57.598Z", "user": 3, "content_type": 26, "object_id": "123", "object_repr": "Salary object (123)", "action_flag": 3, "change_message": ""}}, {"model": "admin.logentry", "pk": 193, "fields": {"action_time": "2019-06-06T07:53:57.779Z", "user": 3, "content_type": 26, "object_id": "122", "object_repr": "Salary object (122)", "action_flag": 3, "change_message": ""}}, {"model": "admin.logentry", "pk": 194, "fields": {"action_time": "2019-06-06T07:53:57.901Z", "user": 3, "content_type": 26, "object_id": "121", "object_repr": "Salary object (121)", "action_flag": 3, "change_message": ""}}, {"model": "admin.logentry", "pk": 195, "fields": {"action_time": "2019-06-06T07:53:58.046Z", "user": 3, "content_type": 26, "object_id": "120", "object_repr": "Salary object (120)", "action_flag": 3, "change_message": ""}}, {"model": "admin.logentry", "pk": 196, "fields": {"action_time": "2019-06-06T07:53:58.178Z", "user": 3, "content_type": 26, "object_id": "119", "object_repr": "Salary object (119)", "action_flag": 3, "change_message": ""}}, {"model": "admin.logentry", "pk": 197, "fields": {"action_time": "2019-06-06T07:53:58.314Z", "user": 3, "content_type": 26, "object_id": "118", "object_repr": "Salary object (118)", "action_flag": 3, "change_message": ""}}, {"model": "admin.logentry", "pk": 198, "fields": {"action_time": "2019-06-06T07:53:58.434Z", "user": 3, "content_type": 26, "object_id": "117", "object_repr": "Salary object (117)", "action_flag": 3, "change_message": ""}}, {"model": "admin.logentry", "pk": 199, "fields": {"action_time": "2019-06-06T07:53:58.567Z", "user": 3, "content_type": 26, "object_id": "116", "object_repr": "Salary object (116)", "action_flag": 3, "change_message": ""}}, {"model": "admin.logentry", "pk": 200, "fields": {"action_time": "2019-06-06T07:53:58.690Z", "user": 3, "content_type": 26, "object_id": "115", "object_repr": "Salary object (115)", "action_flag": 3, "change_message": ""}}, {"model": "admin.logentry", "pk": 201, "fields": {"action_time": "2019-06-06T07:53:58.819Z", "user": 3, "content_type": 26, "object_id": "114", "object_repr": "Salary object (114)", "action_flag": 3, "change_message": ""}}, {"model": "admin.logentry", "pk": 202, "fields": {"action_time": "2019-06-06T07:53:58.952Z", "user": 3, "content_type": 26, "object_id": "113", "object_repr": "Salary object (113)", "action_flag": 3, "change_message": ""}}, {"model": "admin.logentry", "pk": 203, "fields": {"action_time": "2019-06-06T07:53:59.088Z", "user": 3, "content_type": 26, "object_id": "112", "object_repr": "Salary object (112)", "action_flag": 3, "change_message": ""}}, {"model": "admin.logentry", "pk": 204, "fields": {"action_time": "2019-06-06T07:53:59.200Z", "user": 3, "content_type": 26, "object_id": "111", "object_repr": "Salary object (111)", "action_flag": 3, "change_message": ""}}, {"model": "admin.logentry", "pk": 205, "fields": {"action_time": "2019-06-06T07:53:59.331Z", "user": 3, "content_type": 26, "object_id": "110", "object_repr": "Salary object (110)", "action_flag": 3, "change_message": ""}}, {"model": "admin.logentry", "pk": 206, "fields": {"action_time": "2019-06-06T07:53:59.472Z", "user": 3, "content_type": 26, "object_id": "109", "object_repr": "Salary object (109)", "action_flag": 3, "change_message": ""}}, {"model": "admin.logentry", "pk": 207, "fields": {"action_time": "2019-06-06T07:53:59.605Z", "user": 3, "content_type": 26, "object_id": "108", "object_repr": "Salary object (108)", "action_flag": 3, "change_message": ""}}, {"model": "admin.logentry", "pk": 208, "fields": {"action_time": "2019-06-06T07:53:59.748Z", "user": 3, "content_type": 26, "object_id": "107", "object_repr": "Salary object (107)", "action_flag": 3, "change_message": ""}}, {"model": "admin.logentry", "pk": 209, "fields": {"action_time": "2019-06-06T07:58:36.974Z", "user": 3, "content_type": 26, "object_id": "156", "object_repr": "Salary object (156)", "action_flag": 3, "change_message": ""}}, {"model": "admin.logentry", "pk": 210, "fields": {"action_time": "2019-06-06T07:58:37.134Z", "user": 3, "content_type": 26, "object_id": "155", "object_repr": "Salary object (155)", "action_flag": 3, "change_message": ""}}, {"model": "admin.logentry", "pk": 211, "fields": {"action_time": "2019-06-06T07:58:37.274Z", "user": 3, "content_type": 26, "object_id": "154", "object_repr": "Salary object (154)", "action_flag": 3, "change_message": ""}}, {"model": "admin.logentry", "pk": 212, "fields": {"action_time": "2019-06-06T07:58:37.406Z", "user": 3, "content_type": 26, "object_id": "153", "object_repr": "Salary object (153)", "action_flag": 3, "change_message": ""}}, {"model": "admin.logentry", "pk": 213, "fields": {"action_time": "2019-06-06T07:58:37.539Z", "user": 3, "content_type": 26, "object_id": "152", "object_repr": "Salary object (152)", "action_flag": 3, "change_message": ""}}, {"model": "admin.logentry", "pk": 214, "fields": {"action_time": "2019-06-06T07:58:37.686Z", "user": 3, "content_type": 26, "object_id": "151", "object_repr": "Salary object (151)", "action_flag": 3, "change_message": ""}}, {"model": "admin.logentry", "pk": 215, "fields": {"action_time": "2019-06-06T07:58:37.817Z", "user": 3, "content_type": 26, "object_id": "150", "object_repr": "Salary object (150)", "action_flag": 3, "change_message": ""}}, {"model": "admin.logentry", "pk": 216, "fields": {"action_time": "2019-06-06T07:58:37.951Z", "user": 3, "content_type": 26, "object_id": "149", "object_repr": "Salary object (149)", "action_flag": 3, "change_message": ""}}, {"model": "admin.logentry", "pk": 217, "fields": {"action_time": "2019-06-06T07:58:38.088Z", "user": 3, "content_type": 26, "object_id": "148", "object_repr": "Salary object (148)", "action_flag": 3, "change_message": ""}}, {"model": "admin.logentry", "pk": 218, "fields": {"action_time": "2019-06-06T07:58:38.208Z", "user": 3, "content_type": 26, "object_id": "147", "object_repr": "Salary object (147)", "action_flag": 3, "change_message": ""}}, {"model": "admin.logentry", "pk": 219, "fields": {"action_time": "2019-06-06T07:58:38.396Z", "user": 3, "content_type": 26, "object_id": "146", "object_repr": "Salary object (146)", "action_flag": 3, "change_message": ""}}, {"model": "admin.logentry", "pk": 220, "fields": {"action_time": "2019-06-06T07:58:38.525Z", "user": 3, "content_type": 26, "object_id": "145", "object_repr": "Salary object (145)", "action_flag": 3, "change_message": ""}}, {"model": "admin.logentry", "pk": 221, "fields": {"action_time": "2019-06-06T07:58:38.659Z", "user": 3, "content_type": 26, "object_id": "144", "object_repr": "Salary object (144)", "action_flag": 3, "change_message": ""}}, {"model": "admin.logentry", "pk": 222, "fields": {"action_time": "2019-06-06T07:58:38.800Z", "user": 3, "content_type": 26, "object_id": "143", "object_repr": "Salary object (143)", "action_flag": 3, "change_message": ""}}, {"model": "admin.logentry", "pk": 223, "fields": {"action_time": "2019-06-06T07:58:38.951Z", "user": 3, "content_type": 26, "object_id": "142", "object_repr": "Salary object (142)", "action_flag": 3, "change_message": ""}}, {"model": "admin.logentry", "pk": 224, "fields": {"action_time": "2019-06-06T07:58:39.086Z", "user": 3, "content_type": 26, "object_id": "141", "object_repr": "Salary object (141)", "action_flag": 3, "change_message": ""}}, {"model": "admin.logentry", "pk": 225, "fields": {"action_time": "2019-06-06T07:58:39.219Z", "user": 3, "content_type": 26, "object_id": "140", "object_repr": "Salary object (140)", "action_flag": 3, "change_message": ""}}, {"model": "admin.logentry", "pk": 226, "fields": {"action_time": "2019-06-06T07:58:39.357Z", "user": 3, "content_type": 26, "object_id": "139", "object_repr": "Salary object (139)", "action_flag": 3, "change_message": ""}}, {"model": "admin.logentry", "pk": 227, "fields": {"action_time": "2019-06-06T07:58:39.492Z", "user": 3, "content_type": 26, "object_id": "138", "object_repr": "Salary object (138)", "action_flag": 3, "change_message": ""}}, {"model": "admin.logentry", "pk": 228, "fields": {"action_time": "2019-06-06T07:58:39.626Z", "user": 3, "content_type": 26, "object_id": "137", "object_repr": "Salary object (137)", "action_flag": 3, "change_message": ""}}, {"model": "admin.logentry", "pk": 229, "fields": {"action_time": "2019-06-06T07:58:39.751Z", "user": 3, "content_type": 26, "object_id": "136", "object_repr": "Salary object (136)", "action_flag": 3, "change_message": ""}}, {"model": "admin.logentry", "pk": 230, "fields": {"action_time": "2019-06-06T07:58:39.881Z", "user": 3, "content_type": 26, "object_id": "135", "object_repr": "Salary object (135)", "action_flag": 3, "change_message": ""}}, {"model": "admin.logentry", "pk": 231, "fields": {"action_time": "2019-06-06T07:58:40.023Z", "user": 3, "content_type": 26, "object_id": "134", "object_repr": "Salary object (134)", "action_flag": 3, "change_message": ""}}, {"model": "admin.logentry", "pk": 232, "fields": {"action_time": "2019-06-06T07:58:40.157Z", "user": 3, "content_type": 26, "object_id": "133", "object_repr": "Salary object (133)", "action_flag": 3, "change_message": ""}}, {"model": "admin.logentry", "pk": 233, "fields": {"action_time": "2019-06-06T08:04:11.790Z", "user": 3, "content_type": 26, "object_id": "180", "object_repr": "Salary object (180)", "action_flag": 3, "change_message": ""}}, {"model": "admin.logentry", "pk": 234, "fields": {"action_time": "2019-06-06T08:04:11.959Z", "user": 3, "content_type": 26, "object_id": "179", "object_repr": "Salary object (179)", "action_flag": 3, "change_message": ""}}, {"model": "admin.logentry", "pk": 235, "fields": {"action_time": "2019-06-06T08:04:12.083Z", "user": 3, "content_type": 26, "object_id": "178", "object_repr": "Salary object (178)", "action_flag": 3, "change_message": ""}}, {"model": "admin.logentry", "pk": 236, "fields": {"action_time": "2019-06-06T08:04:12.222Z", "user": 3, "content_type": 26, "object_id": "177", "object_repr": "Salary object (177)", "action_flag": 3, "change_message": ""}}, {"model": "admin.logentry", "pk": 237, "fields": {"action_time": "2019-06-06T08:04:12.355Z", "user": 3, "content_type": 26, "object_id": "176", "object_repr": "Salary object (176)", "action_flag": 3, "change_message": ""}}, {"model": "admin.logentry", "pk": 238, "fields": {"action_time": "2019-06-06T08:04:12.492Z", "user": 3, "content_type": 26, "object_id": "175", "object_repr": "Salary object (175)", "action_flag": 3, "change_message": ""}}, {"model": "admin.logentry", "pk": 239, "fields": {"action_time": "2019-06-06T08:04:12.621Z", "user": 3, "content_type": 26, "object_id": "174", "object_repr": "Salary object (174)", "action_flag": 3, "change_message": ""}}, {"model": "admin.logentry", "pk": 240, "fields": {"action_time": "2019-06-06T08:04:12.753Z", "user": 3, "content_type": 26, "object_id": "173", "object_repr": "Salary object (173)", "action_flag": 3, "change_message": ""}}, {"model": "admin.logentry", "pk": 241, "fields": {"action_time": "2019-06-06T08:04:12.898Z", "user": 3, "content_type": 26, "object_id": "172", "object_repr": "Salary object (172)", "action_flag": 3, "change_message": ""}}, {"model": "admin.logentry", "pk": 242, "fields": {"action_time": "2019-06-06T08:04:13.035Z", "user": 3, "content_type": 26, "object_id": "171", "object_repr": "Salary object (171)", "action_flag": 3, "change_message": ""}}, {"model": "admin.logentry", "pk": 243, "fields": {"action_time": "2019-06-06T08:04:13.165Z", "user": 3, "content_type": 26, "object_id": "170", "object_repr": "Salary object (170)", "action_flag": 3, "change_message": ""}}, {"model": "admin.logentry", "pk": 244, "fields": {"action_time": "2019-06-06T08:04:13.291Z", "user": 3, "content_type": 26, "object_id": "169", "object_repr": "Salary object (169)", "action_flag": 3, "change_message": ""}}, {"model": "admin.logentry", "pk": 245, "fields": {"action_time": "2019-06-06T08:04:13.420Z", "user": 3, "content_type": 26, "object_id": "168", "object_repr": "Salary object (168)", "action_flag": 3, "change_message": ""}}, {"model": "admin.logentry", "pk": 246, "fields": {"action_time": "2019-06-06T08:04:13.561Z", "user": 3, "content_type": 26, "object_id": "167", "object_repr": "Salary object (167)", "action_flag": 3, "change_message": ""}}, {"model": "admin.logentry", "pk": 247, "fields": {"action_time": "2019-06-06T08:04:13.714Z", "user": 3, "content_type": 26, "object_id": "166", "object_repr": "Salary object (166)", "action_flag": 3, "change_message": ""}}, {"model": "admin.logentry", "pk": 248, "fields": {"action_time": "2019-06-06T08:04:13.845Z", "user": 3, "content_type": 26, "object_id": "165", "object_repr": "Salary object (165)", "action_flag": 3, "change_message": ""}}, {"model": "admin.logentry", "pk": 249, "fields": {"action_time": "2019-06-06T08:04:13.966Z", "user": 3, "content_type": 26, "object_id": "164", "object_repr": "Salary object (164)", "action_flag": 3, "change_message": ""}}, {"model": "admin.logentry", "pk": 250, "fields": {"action_time": "2019-06-06T08:04:14.097Z", "user": 3, "content_type": 26, "object_id": "163", "object_repr": "Salary object (163)", "action_flag": 3, "change_message": ""}}, {"model": "admin.logentry", "pk": 251, "fields": {"action_time": "2019-06-06T08:04:14.242Z", "user": 3, "content_type": 26, "object_id": "162", "object_repr": "Salary object (162)", "action_flag": 3, "change_message": ""}}, {"model": "admin.logentry", "pk": 252, "fields": {"action_time": "2019-06-06T08:04:14.375Z", "user": 3, "content_type": 26, "object_id": "161", "object_repr": "Salary object (161)", "action_flag": 3, "change_message": ""}}, {"model": "admin.logentry", "pk": 253, "fields": {"action_time": "2019-06-06T08:04:14.502Z", "user": 3, "content_type": 26, "object_id": "160", "object_repr": "Salary object (160)", "action_flag": 3, "change_message": ""}}, {"model": "admin.logentry", "pk": 254, "fields": {"action_time": "2019-06-06T08:04:14.634Z", "user": 3, "content_type": 26, "object_id": "159", "object_repr": "Salary object (159)", "action_flag": 3, "change_message": ""}}, {"model": "admin.logentry", "pk": 255, "fields": {"action_time": "2019-06-06T08:04:14.756Z", "user": 3, "content_type": 26, "object_id": "158", "object_repr": "Salary object (158)", "action_flag": 3, "change_message": ""}}, {"model": "admin.logentry", "pk": 256, "fields": {"action_time": "2019-06-06T08:04:14.890Z", "user": 3, "content_type": 26, "object_id": "157", "object_repr": "Salary object (157)", "action_flag": 3, "change_message": ""}}, {"model": "admin.logentry", "pk": 257, "fields": {"action_time": "2019-06-06T08:07:11.802Z", "user": 3, "content_type": 26, "object_id": "198", "object_repr": "Salary object (198)", "action_flag": 3, "change_message": ""}}, {"model": "admin.logentry", "pk": 258, "fields": {"action_time": "2019-06-06T08:07:11.932Z", "user": 3, "content_type": 26, "object_id": "197", "object_repr": "Salary object (197)", "action_flag": 3, "change_message": ""}}, {"model": "admin.logentry", "pk": 259, "fields": {"action_time": "2019-06-06T08:07:12.056Z", "user": 3, "content_type": 26, "object_id": "196", "object_repr": "Salary object (196)", "action_flag": 3, "change_message": ""}}, {"model": "admin.logentry", "pk": 260, "fields": {"action_time": "2019-06-06T08:07:12.186Z", "user": 3, "content_type": 26, "object_id": "195", "object_repr": "Salary object (195)", "action_flag": 3, "change_message": ""}}, {"model": "admin.logentry", "pk": 261, "fields": {"action_time": "2019-06-06T08:07:12.330Z", "user": 3, "content_type": 26, "object_id": "194", "object_repr": "Salary object (194)", "action_flag": 3, "change_message": ""}}, {"model": "admin.logentry", "pk": 262, "fields": {"action_time": "2019-06-06T08:07:12.467Z", "user": 3, "content_type": 26, "object_id": "193", "object_repr": "Salary object (193)", "action_flag": 3, "change_message": ""}}, {"model": "admin.logentry", "pk": 263, "fields": {"action_time": "2019-06-06T08:07:12.621Z", "user": 3, "content_type": 26, "object_id": "192", "object_repr": "Salary object (192)", "action_flag": 3, "change_message": ""}}, {"model": "admin.logentry", "pk": 264, "fields": {"action_time": "2019-06-06T08:07:12.750Z", "user": 3, "content_type": 26, "object_id": "191", "object_repr": "Salary object (191)", "action_flag": 3, "change_message": ""}}, {"model": "admin.logentry", "pk": 265, "fields": {"action_time": "2019-06-06T08:07:12.900Z", "user": 3, "content_type": 26, "object_id": "190", "object_repr": "Salary object (190)", "action_flag": 3, "change_message": ""}}, {"model": "admin.logentry", "pk": 266, "fields": {"action_time": "2019-06-06T08:07:13.028Z", "user": 3, "content_type": 26, "object_id": "189", "object_repr": "Salary object (189)", "action_flag": 3, "change_message": ""}}, {"model": "admin.logentry", "pk": 267, "fields": {"action_time": "2019-06-06T08:07:13.262Z", "user": 3, "content_type": 26, "object_id": "188", "object_repr": "Salary object (188)", "action_flag": 3, "change_message": ""}}, {"model": "admin.logentry", "pk": 268, "fields": {"action_time": "2019-06-06T08:07:13.399Z", "user": 3, "content_type": 26, "object_id": "187", "object_repr": "Salary object (187)", "action_flag": 3, "change_message": ""}}, {"model": "admin.logentry", "pk": 269, "fields": {"action_time": "2019-06-06T08:07:13.529Z", "user": 3, "content_type": 26, "object_id": "186", "object_repr": "Salary object (186)", "action_flag": 3, "change_message": ""}}, {"model": "admin.logentry", "pk": 270, "fields": {"action_time": "2019-06-06T08:07:13.669Z", "user": 3, "content_type": 26, "object_id": "185", "object_repr": "Salary object (185)", "action_flag": 3, "change_message": ""}}, {"model": "admin.logentry", "pk": 271, "fields": {"action_time": "2019-06-06T08:07:13.820Z", "user": 3, "content_type": 26, "object_id": "184", "object_repr": "Salary object (184)", "action_flag": 3, "change_message": ""}}, {"model": "admin.logentry", "pk": 272, "fields": {"action_time": "2019-06-06T08:07:13.953Z", "user": 3, "content_type": 26, "object_id": "183", "object_repr": "Salary object (183)", "action_flag": 3, "change_message": ""}}, {"model": "admin.logentry", "pk": 273, "fields": {"action_time": "2019-06-06T08:07:14.076Z", "user": 3, "content_type": 26, "object_id": "182", "object_repr": "Salary object (182)", "action_flag": 3, "change_message": ""}}, {"model": "admin.logentry", "pk": 274, "fields": {"action_time": "2019-06-06T08:07:14.215Z", "user": 3, "content_type": 26, "object_id": "181", "object_repr": "Salary object (181)", "action_flag": 3, "change_message": ""}}, {"model": "admin.logentry", "pk": 275, "fields": {"action_time": "2019-06-06T08:09:03.239Z", "user": 3, "content_type": 26, "object_id": "204", "object_repr": "Salary object (204)", "action_flag": 3, "change_message": ""}}, {"model": "admin.logentry", "pk": 276, "fields": {"action_time": "2019-06-06T08:09:03.463Z", "user": 3, "content_type": 26, "object_id": "203", "object_repr": "Salary object (203)", "action_flag": 3, "change_message": ""}}, {"model": "admin.logentry", "pk": 277, "fields": {"action_time": "2019-06-06T08:09:03.596Z", "user": 3, "content_type": 26, "object_id": "202", "object_repr": "Salary object (202)", "action_flag": 3, "change_message": ""}}, {"model": "admin.logentry", "pk": 278, "fields": {"action_time": "2019-06-06T08:09:03.725Z", "user": 3, "content_type": 26, "object_id": "201", "object_repr": "Salary object (201)", "action_flag": 3, "change_message": ""}}, {"model": "admin.logentry", "pk": 279, "fields": {"action_time": "2019-06-06T08:09:03.858Z", "user": 3, "content_type": 26, "object_id": "200", "object_repr": "Salary object (200)", "action_flag": 3, "change_message": ""}}, {"model": "admin.logentry", "pk": 280, "fields": {"action_time": "2019-06-06T08:09:04.038Z", "user": 3, "content_type": 26, "object_id": "199", "object_repr": "Salary object (199)", "action_flag": 3, "change_message": ""}}, {"model": "admin.logentry", "pk": 281, "fields": {"action_time": "2019-06-06T08:09:59.965Z", "user": 3, "content_type": 26, "object_id": "210", "object_repr": "Salary object (210)", "action_flag": 3, "change_message": ""}}, {"model": "admin.logentry", "pk": 282, "fields": {"action_time": "2019-06-06T08:10:00.135Z", "user": 3, "content_type": 26, "object_id": "209", "object_repr": "Salary object (209)", "action_flag": 3, "change_message": ""}}, {"model": "admin.logentry", "pk": 283, "fields": {"action_time": "2019-06-06T08:10:00.260Z", "user": 3, "content_type": 26, "object_id": "208", "object_repr": "Salary object (208)", "action_flag": 3, "change_message": ""}}, {"model": "admin.logentry", "pk": 284, "fields": {"action_time": "2019-06-06T08:10:00.391Z", "user": 3, "content_type": 26, "object_id": "207", "object_repr": "Salary object (207)", "action_flag": 3, "change_message": ""}}, {"model": "admin.logentry", "pk": 285, "fields": {"action_time": "2019-06-06T08:10:00.592Z", "user": 3, "content_type": 26, "object_id": "206", "object_repr": "Salary object (206)", "action_flag": 3, "change_message": ""}}, {"model": "admin.logentry", "pk": 286, "fields": {"action_time": "2019-06-06T08:10:00.724Z", "user": 3, "content_type": 26, "object_id": "205", "object_repr": "Salary object (205)", "action_flag": 3, "change_message": ""}}, {"model": "admin.logentry", "pk": 287, "fields": {"action_time": "2019-06-06T08:10:22.427Z", "user": 3, "content_type": 26, "object_id": "216", "object_repr": "Salary object (216)", "action_flag": 3, "change_message": ""}}, {"model": "admin.logentry", "pk": 288, "fields": {"action_time": "2019-06-06T08:10:22.558Z", "user": 3, "content_type": 26, "object_id": "215", "object_repr": "Salary object (215)", "action_flag": 3, "change_message": ""}}, {"model": "admin.logentry", "pk": 289, "fields": {"action_time": "2019-06-06T08:10:22.683Z", "user": 3, "content_type": 26, "object_id": "214", "object_repr": "Salary object (214)", "action_flag": 3, "change_message": ""}}, {"model": "admin.logentry", "pk": 290, "fields": {"action_time": "2019-06-06T08:10:22.849Z", "user": 3, "content_type": 26, "object_id": "213", "object_repr": "Salary object (213)", "action_flag": 3, "change_message": ""}}, {"model": "admin.logentry", "pk": 291, "fields": {"action_time": "2019-06-06T08:10:22.977Z", "user": 3, "content_type": 26, "object_id": "212", "object_repr": "Salary object (212)", "action_flag": 3, "change_message": ""}}, {"model": "admin.logentry", "pk": 292, "fields": {"action_time": "2019-06-06T08:10:23.131Z", "user": 3, "content_type": 26, "object_id": "211", "object_repr": "Salary object (211)", "action_flag": 3, "change_message": ""}}, {"model": "admin.logentry", "pk": 293, "fields": {"action_time": "2019-06-06T08:11:29.554Z", "user": 3, "content_type": 26, "object_id": "222", "object_repr": "Salary object (222)", "action_flag": 3, "change_message": ""}}, {"model": "admin.logentry", "pk": 294, "fields": {"action_time": "2019-06-06T08:11:29.719Z", "user": 3, "content_type": 26, "object_id": "221", "object_repr": "Salary object (221)", "action_flag": 3, "change_message": ""}}, {"model": "admin.logentry", "pk": 295, "fields": {"action_time": "2019-06-06T08:11:29.841Z", "user": 3, "content_type": 26, "object_id": "220", "object_repr": "Salary object (220)", "action_flag": 3, "change_message": ""}}, {"model": "admin.logentry", "pk": 296, "fields": {"action_time": "2019-06-06T08:11:29.974Z", "user": 3, "content_type": 26, "object_id": "219", "object_repr": "Salary object (219)", "action_flag": 3, "change_message": ""}}, {"model": "admin.logentry", "pk": 297, "fields": {"action_time": "2019-06-06T08:11:30.107Z", "user": 3, "content_type": 26, "object_id": "218", "object_repr": "Salary object (218)", "action_flag": 3, "change_message": ""}}, {"model": "admin.logentry", "pk": 298, "fields": {"action_time": "2019-06-06T08:11:30.229Z", "user": 3, "content_type": 26, "object_id": "217", "object_repr": "Salary object (217)", "action_flag": 3, "change_message": ""}}, {"model": "admin.logentry", "pk": 299, "fields": {"action_time": "2019-06-06T08:22:42.191Z", "user": 3, "content_type": 4, "object_id": "3", "object_repr": "test", "action_flag": 2, "change_message": "[{\"changed\": {\"fields\": [\"email\", \"last_login\"]}}]"}}, {"model": "admin.logentry", "pk": 300, "fields": {"action_time": "2019-06-06T08:24:10.152Z", "user": 3, "content_type": 4, "object_id": "1", "object_repr": "\u8bfa\u767e\u7279", "action_flag": 2, "change_message": "[{\"changed\": {\"fields\": [\"email\", \"last_login\"]}}]"}}, {"model": "admin.logentry", "pk": 301, "fields": {"action_time": "2019-06-06T08:24:24.438Z", "user": 3, "content_type": 4, "object_id": "7", "object_repr": "\u674e\u7ef4\u4fee", "action_flag": 2, "change_message": "[{\"changed\": {\"fields\": [\"email\", \"last_login\"]}}]"}}, {"model": "admin.logentry", "pk": 302, "fields": {"action_time": "2019-06-06T08:24:37.679Z", "user": 3, "content_type": 4, "object_id": "19", "object_repr": "\u5f20\u7ef4\u4fee", "action_flag": 2, "change_message": "[{\"changed\": {\"fields\": [\"email\"]}}]"}}, {"model": "admin.logentry", "pk": 303, "fields": {"action_time": "2019-06-06T08:24:50.022Z", "user": 3, "content_type": 4, "object_id": "20", "object_repr": "\u5f20\u7ecf\u7406", "action_flag": 2, "change_message": "[{\"changed\": {\"fields\": [\"email\"]}}]"}}]